idTravel,idUser,idRoute,transportation_x,travelDuration,dateTime,travelCost,age,gender,ubicationGeographic,transportation_y,nameRoute,transportation,distance,Cluster
1,1,1,tren,30,1/27/2024,8,20,0,Ciudad C,tren,Periferico,2,50 km,1
2,2,2,autobus,80,8/23/2024,15,37,0,Ciudad B,tren,Periferico,2,30 km,2
3,3,3,bicicleta,30,8/9/2024,8,28,0,Ciudad B,tren,17,0,20 km,1
4,4,4,autobus,30,10/21/2024,8,56,0,Ciudad B,bicicleta,2B San Angel,0,20 km,0
5,5,5,bicicleta,120,2/1/2024,8,44,1,Ciudad A,tren,Ramos,1,50 km,2
6,6,6,autobus,40,5/3/2024,0,26,1,Ciudad C,autobus,Ramos,2,30 km,1
7,7,7,bicicleta,40,1/11/2024,0,44,1,Ciudad B,autobus,Express,0,20 km,1
8,8,8,bicicleta,30,5/11/2024,15,24,1,Ciudad B,bicicleta,Ramos,0,50 km,1
9,9,9,bicicleta,120,3/11/2024,8,53,1,Ciudad C,bicicleta,Ramos,1,50 km,2
10,10,10,bicicleta,30,2/13/2024,0,19,1,Ciudad A,tren,17,1,30 km,1
11,11,11,bicicleta,80,2/26/2024,0,46,0,Ciudad A,tren,Periferico,2,30 km,2
12,12,12,bicicleta,30,1/18/2024,0,36,1,Ciudad A,tren,2B San Angel,1,50 km,1
13,13,13,bicicleta,40,2/3/2024,15,43,0,Ciudad A,bicicleta,Ramos,0,50 km,1
14,14,14,tren,30,11/19/2024,15,45,1,Ciudad C,autobus,Express,2,30 km,0
15,15,15,bicicleta,120,10/21/2024,8,49,1,Ciudad A,tren,17,1,10 km,2
16,16,16,tren,120,11/17/2024,0,43,1,Ciudad B,bicicleta,Periferico,1,10 km,2
17,17,17,autobus,60,1/1/2024,18,40,1,Ciudad A,autobus,Ramos,1,20 km,0
18,18,18,autobus,120,11/1/2024,0,32,1,Ciudad A,autobus,Ramos,1,10 km,2
19,19,19,autobus,80,7/24/2024,0,46,1,Ciudad B,bicicleta,2B San Angel,0,40 km,1
20,20,20,autobus,30,7/7/2024,15,30,1,Ciudad C,tren,Express,1,10 km,1
21,21,21,tren,60,10/12/2024,0,56,0,Ciudad B,tren,Express,2,20 km,0
22,22,22,tren,30,5/29/2024,18,58,1,Ciudad C,bicicleta,Express,1,30 km,0
23,23,23,bicicleta,120,4/4/2024,15,62,0,Ciudad A,bicicleta,2B San Angel,2,40 km,2
24,24,24,tren,80,2/6/2024,15,63,0,Ciudad B,tren,17,2,20 km,0
25,25,25,autobus,80,8/27/2024,0,56,0,Ciudad A,tren,Express,2,30 km,0
26,26,26,autobus,60,6/23/2024,18,37,0,Ciudad B,autobus,Express,0,20 km,1
27,27,27,bicicleta,80,2/15/2024,18,23,0,Ciudad C,autobus,Express,1,10 km,1
28,28,28,bicicleta,30,2/13/2024,18,59,0,Ciudad A,autobus,17,1,10 km,0
29,29,29,tren,60,4/14/2024,8,26,0,Ciudad B,bicicleta,2B San Angel,1,20 km,1
30,30,30,tren,30,1/31/2024,18,36,1,Ciudad C,bicicleta,Express,1,10 km,1
31,31,31,autobus,60,1/15/2024,15,30,0,Ciudad B,tren,Ramos,0,10 km,1
32,32,32,bicicleta,120,5/8/2024,0,48,1,Ciudad A,bicicleta,Ramos,0,40 km,2
33,33,33,bicicleta,40,2/23/2024,0,57,0,Ciudad A,tren,17,1,40 km,0
34,34,34,bicicleta,120,3/22/2024,18,66,1,Ciudad C,bicicleta,Periferico,0,40 km,2
35,35,35,bicicleta,60,3/4/2024,18,31,1,Ciudad A,tren,17,0,10 km,1
36,36,36,tren,40,3/2/2024,0,60,0,Ciudad B,bicicleta,2B San Angel,2,50 km,0
37,37,37,bicicleta,60,6/11/2024,8,38,1,Ciudad B,autobus,Ramos,2,10 km,1
38,38,38,tren,30,10/19/2024,15,36,0,Ciudad A,autobus,Periferico,1,10 km,1
39,39,39,bicicleta,30,1/12/2024,0,35,0,Ciudad B,autobus,Ramos,1,40 km,1
40,40,40,tren,40,4/13/2024,18,24,1,Ciudad A,bicicleta,2B San Angel,1,30 km,1
41,41,41,bicicleta,60,1/12/2024,18,18,0,Ciudad A,autobus,17,0,20 km,1
42,42,42,bicicleta,120,4/11/2024,15,50,1,Ciudad B,autobus,17,2,30 km,2
43,43,43,autobus,40,2/7/2024,15,22,0,Ciudad B,bicicleta,17,0,20 km,1
44,44,44,bicicleta,80,5/24/2024,18,68,0,Ciudad C,autobus,17,2,50 km,0
45,45,45,tren,40,1/26/2024,15,39,0,Ciudad B,bicicleta,17,2,20 km,0
46,46,46,tren,40,4/29/2024,15,33,0,Ciudad A,tren,Ramos,0,50 km,1
47,47,47,autobus,80,3/16/2024,18,48,0,Ciudad C,tren,Express,0,50 km,0
48,48,48,bicicleta,30,3/6/2024,15,51,1,Ciudad B,tren,Periferico,0,20 km,0
49,49,49,autobus,40,6/17/2024,8,56,0,Ciudad C,tren,Express,2,10 km,0
50,50,50,bicicleta,80,7/14/2024,8,22,1,Ciudad B,tren,17,0,20 km,1
51,51,51,bicicleta,120,5/1/2024,8,28,0,Ciudad A,tren,Express,2,10 km,2
52,52,52,bicicleta,40,1/28/2024,18,69,1,Ciudad A,bicicleta,Express,1,20 km,0
53,53,53,autobus,80,7/17/2024,8,70,1,Ciudad C,autobus,Ramos,1,10 km,0
54,54,54,bicicleta,40,4/28/2024,8,20,0,Ciudad B,bicicleta,17,2,30 km,1
55,55,55,tren,40,7/30/2024,18,62,0,Ciudad A,bicicleta,Ramos,1,40 km,0
56,56,56,bicicleta,60,9/8/2024,0,27,1,Ciudad A,autobus,2B San Angel,0,40 km,1
57,57,57,tren,120,11/15/2024,15,58,0,Ciudad A,tren,17,1,20 km,2
58,58,58,tren,60,10/16/2024,0,51,0,Ciudad C,tren,17,1,40 km,0
59,59,59,bicicleta,80,4/13/2024,0,33,1,Ciudad C,bicicleta,Periferico,0,40 km,1
60,60,60,autobus,30,7/24/2024,0,69,0,Ciudad C,tren,17,2,20 km,0
61,61,61,autobus,30,8/29/2024,18,52,0,Ciudad B,tren,Express,2,30 km,0
62,62,62,tren,60,6/22/2024,0,70,1,Ciudad C,bicicleta,Ramos,2,20 km,0
63,63,63,bicicleta,120,3/5/2024,18,67,0,Ciudad C,bicicleta,Periferico,1,50 km,2
64,64,64,bicicleta,40,10/28/2024,15,29,0,Ciudad C,autobus,Periferico,2,10 km,1
65,65,65,tren,40,10/25/2024,15,25,0,Ciudad A,tren,17,0,10 km,1
66,66,66,tren,80,3/25/2024,0,69,1,Ciudad C,bicicleta,Express,2,10 km,0
67,67,67,tren,80,4/25/2024,0,46,1,Ciudad C,autobus,Ramos,0,30 km,1
68,68,68,autobus,120,1/8/2024,15,65,0,Ciudad C,autobus,17,1,50 km,2
69,69,69,autobus,80,3/16/2024,8,57,1,Ciudad A,tren,Express,0,10 km,0
70,70,70,autobus,30,2/20/2024,15,56,0,Ciudad A,bicicleta,Express,2,50 km,0
71,71,71,bicicleta,80,6/16/2024,18,26,0,Ciudad B,autobus,Express,1,30 km,1
72,72,72,autobus,80,5/9/2024,15,36,0,Ciudad C,bicicleta,2B San Angel,2,50 km,2
73,73,73,tren,60,10/4/2024,15,18,0,Ciudad A,tren,2B San Angel,1,20 km,1
74,74,74,bicicleta,30,4/21/2024,18,68,0,Ciudad A,autobus,Periferico,0,30 km,0
75,75,75,autobus,40,9/6/2024,15,63,0,Ciudad B,tren,Express,1,50 km,0
76,76,76,bicicleta,80,10/7/2024,8,70,0,Ciudad A,tren,Periferico,2,40 km,0
77,77,77,autobus,30,1/15/2024,0,48,1,Ciudad C,autobus,2B San Angel,1,20 km,1
78,78,78,tren,60,1/21/2024,18,20,0,Ciudad C,tren,Ramos,1,30 km,1
79,79,79,tren,120,4/27/2024,15,68,0,Ciudad A,bicicleta,Express,0,10 km,2
80,80,80,tren,60,1/16/2024,0,65,1,Ciudad C,bicicleta,Periferico,2,40 km,0
81,81,81,tren,80,1/18/2024,0,32,0,Ciudad A,autobus,Periferico,2,10 km,1
82,82,82,autobus,80,8/19/2024,0,61,1,Ciudad B,autobus,Express,0,50 km,0
83,83,83,bicicleta,30,3/19/2024,8,70,1,Ciudad A,autobus,Express,1,40 km,0
84,84,84,tren,60,7/11/2024,0,65,1,Ciudad C,bicicleta,Express,0,30 km,0
85,85,85,autobus,80,2/1/2024,8,31,1,Ciudad C,bicicleta,Express,2,30 km,1
86,86,86,autobus,30,9/14/2024,18,44,0,Ciudad B,bicicleta,Ramos,1,10 km,0
87,87,87,bicicleta,40,11/5/2024,8,19,1,Ciudad B,tren,2B San Angel,1,40 km,1
88,88,88,tren,80,4/17/2024,15,46,0,Ciudad B,autobus,Ramos,1,40 km,0
89,89,89,bicicleta,80,5/29/2024,15,55,0,Ciudad C,tren,Periferico,2,40 km,0
90,90,90,autobus,30,6/12/2024,15,36,1,Ciudad B,autobus,Ramos,1,30 km,1
91,91,91,autobus,30,10/11/2024,15,51,0,Ciudad C,bicicleta,Ramos,1,30 km,0
92,92,92,bicicleta,40,4/13/2024,15,60,1,Ciudad B,autobus,17,2,40 km,0
93,93,93,autobus,30,7/21/2024,8,59,1,Ciudad A,tren,17,0,30 km,0
94,94,94,autobus,120,6/10/2024,0,36,0,Ciudad A,tren,Periferico,1,40 km,2
95,95,95,tren,40,1/19/2024,0,27,0,Ciudad A,bicicleta,17,0,10 km,1
96,96,96,tren,30,2/3/2024,18,57,0,Ciudad B,bicicleta,Express,2,20 km,0
97,97,97,tren,30,9/30/2024,18,45,1,Ciudad C,autobus,Express,2,50 km,0
98,98,98,autobus,120,7/19/2024,15,18,0,Ciudad C,autobus,Ramos,0,30 km,2
99,99,99,bicicleta,40,9/26/2024,18,51,0,Ciudad C,bicicleta,2B San Angel,1,10 km,0
100,100,100,tren,80,3/23/2024,15,19,1,Ciudad B,bicicleta,17,0,50 km,1
101,101,101,bicicleta,80,6/23/2024,8,23,1,Ciudad B,autobus,17,1,20 km,1
102,102,102,autobus,60,6/24/2024,18,34,1,Ciudad C,bicicleta,Periferico,2,30 km,1
103,103,103,tren,120,6/2/2024,0,37,1,Ciudad B,autobus,Periferico,0,50 km,2
104,104,104,bicicleta,30,2/14/2024,15,29,0,Ciudad A,autobus,17,0,10 km,1
105,105,105,autobus,40,4/11/2024,15,28,0,Ciudad B,autobus,Periferico,2,20 km,1
106,106,106,bicicleta,120,4/29/2024,8,25,1,Ciudad B,autobus,Express,0,10 km,2
107,107,107,bicicleta,80,9/12/2024,15,25,1,Ciudad A,autobus,Periferico,2,40 km,1
108,108,108,tren,60,2/26/2024,18,66,0,Ciudad C,tren,Express,2,40 km,0
109,109,109,autobus,120,7/15/2024,18,64,1,Ciudad B,tren,Periferico,1,40 km,2
110,110,110,tren,60,8/28/2024,8,40,1,Ciudad C,autobus,Express,0,30 km,1
111,111,111,tren,120,8/5/2024,0,38,1,Ciudad C,autobus,2B San Angel,0,40 km,2
112,112,112,tren,60,2/5/2024,15,47,1,Ciudad A,tren,17,0,40 km,0
113,113,113,tren,40,1/31/2024,15,58,1,Ciudad A,autobus,Ramos,1,50 km,0
114,114,114,autobus,30,7/13/2024,18,63,0,Ciudad A,tren,Periferico,1,10 km,0
115,115,115,bicicleta,80,7/20/2024,18,32,1,Ciudad B,autobus,Express,0,30 km,1
116,116,116,bicicleta,120,2/27/2024,8,45,0,Ciudad B,bicicleta,17,0,40 km,2
117,117,117,tren,60,8/28/2024,18,63,0,Ciudad A,bicicleta,Express,2,40 km,0
118,118,118,bicicleta,120,3/9/2024,8,63,1,Ciudad A,tren,Periferico,1,10 km,2
119,119,119,tren,120,1/19/2024,15,63,0,Ciudad A,tren,2B San Angel,0,10 km,2
120,120,120,bicicleta,60,1/14/2024,0,57,0,Ciudad C,tren,Ramos,0,30 km,0
121,121,121,tren,80,5/23/2024,0,51,1,Ciudad B,tren,Periferico,2,20 km,2
122,122,122,bicicleta,40,2/2/2024,18,45,1,Ciudad C,bicicleta,Express,1,20 km,0
123,123,123,tren,40,2/18/2024,0,35,1,Ciudad B,tren,2B San Angel,0,20 km,1
124,124,124,tren,120,3/27/2024,18,24,1,Ciudad C,tren,17,0,20 km,2
125,125,125,tren,60,4/30/2024,18,38,0,Ciudad A,autobus,2B San Angel,2,50 km,0
126,126,126,tren,120,2/26/2024,0,50,1,Ciudad A,tren,Periferico,0,40 km,2
127,127,127,autobus,30,3/31/2024,18,18,0,Ciudad B,autobus,Periferico,0,20 km,1
128,128,128,tren,120,2/22/2024,0,56,1,Ciudad C,tren,Periferico,1,20 km,2
129,129,129,tren,30,11/8/2024,15,18,0,Ciudad C,tren,2B San Angel,0,50 km,1
130,130,130,bicicleta,80,1/14/2024,18,34,1,Ciudad A,tren,Express,2,50 km,2
131,131,131,bicicleta,80,7/19/2024,18,31,0,Ciudad A,autobus,17,1,30 km,1
132,132,132,tren,120,10/11/2024,8,36,1,Ciudad B,tren,17,1,40 km,2
133,133,133,autobus,120,6/23/2024,18,27,1,Ciudad B,autobus,Periferico,0,40 km,2
134,134,134,autobus,60,7/26/2024,15,52,1,Ciudad A,bicicleta,2B San Angel,2,50 km,0
135,135,135,bicicleta,120,2/6/2024,8,69,1,Ciudad A,tren,Express,1,30 km,2
136,136,136,bicicleta,40,3/1/2024,18,59,0,Ciudad B,tren,2B San Angel,2,10 km,0
137,137,137,tren,60,1/9/2024,15,52,0,Ciudad C,autobus,Express,1,30 km,0
138,138,138,tren,30,9/12/2024,15,48,1,Ciudad C,autobus,2B San Angel,0,30 km,0
139,139,139,autobus,60,2/8/2024,15,39,1,Ciudad A,bicicleta,Periferico,0,50 km,1
140,140,140,tren,30,9/6/2024,0,68,1,Ciudad B,autobus,2B San Angel,1,20 km,0
141,141,141,tren,80,5/10/2024,15,54,0,Ciudad B,bicicleta,Ramos,1,30 km,0
142,142,142,tren,30,6/1/2024,18,63,0,Ciudad C,autobus,Express,2,20 km,0
143,143,143,tren,60,10/6/2024,15,29,0,Ciudad B,tren,Ramos,2,40 km,1
144,144,144,bicicleta,120,10/2/2024,18,54,1,Ciudad B,autobus,Periferico,2,20 km,2
145,145,145,bicicleta,40,10/6/2024,8,30,0,Ciudad B,bicicleta,17,2,30 km,1
146,146,146,bicicleta,60,8/11/2024,0,57,0,Ciudad B,autobus,17,1,40 km,0
147,147,147,tren,120,5/22/2024,18,30,0,Ciudad C,autobus,17,0,20 km,2
148,148,148,tren,120,5/3/2024,0,68,1,Ciudad A,bicicleta,Periferico,2,40 km,2
149,149,149,tren,60,1/22/2024,8,41,1,Ciudad C,autobus,Express,1,20 km,1
150,150,150,tren,80,5/11/2024,8,56,1,Ciudad B,tren,Ramos,2,20 km,0
151,151,151,autobus,30,5/30/2024,15,42,1,Ciudad B,tren,Express,1,10 km,0
152,152,152,tren,60,6/25/2024,8,55,1,Ciudad C,tren,Express,2,20 km,0
153,153,153,bicicleta,120,3/3/2024,15,24,0,Ciudad C,autobus,17,2,20 km,2
154,154,154,autobus,120,9/19/2024,0,60,0,Ciudad C,autobus,Express,2,40 km,2
155,155,155,bicicleta,30,2/2/2024,8,53,0,Ciudad A,bicicleta,Periferico,1,10 km,0
156,156,156,tren,60,3/7/2024,18,70,0,Ciudad C,tren,2B San Angel,0,10 km,0
157,157,157,bicicleta,40,7/29/2024,0,35,0,Ciudad B,bicicleta,Periferico,0,30 km,1
158,158,158,tren,80,11/5/2024,15,21,1,Ciudad A,autobus,17,0,20 km,1
159,159,159,autobus,80,4/30/2024,18,22,0,Ciudad B,autobus,Ramos,1,10 km,1
160,160,160,bicicleta,120,2/1/2024,18,53,1,Ciudad B,autobus,Ramos,1,20 km,2
161,161,161,autobus,80,7/13/2024,0,21,0,Ciudad C,tren,Express,0,40 km,1
162,162,162,autobus,80,3/11/2024,8,44,1,Ciudad B,bicicleta,Express,0,10 km,1
163,163,163,tren,80,9/9/2024,18,23,1,Ciudad B,autobus,Express,1,10 km,1
164,164,164,autobus,40,11/8/2024,18,52,0,Ciudad C,bicicleta,17,1,20 km,0
165,165,165,bicicleta,60,8/15/2024,18,49,1,Ciudad C,tren,Periferico,1,10 km,0
166,166,166,tren,120,5/21/2024,8,47,0,Ciudad B,bicicleta,Periferico,0,40 km,2
167,167,167,tren,30,4/17/2024,15,37,0,Ciudad B,bicicleta,Periferico,2,50 km,1
168,168,168,autobus,40,3/16/2024,8,45,0,Ciudad C,bicicleta,Ramos,1,50 km,1
169,169,169,autobus,60,4/12/2024,0,46,0,Ciudad C,tren,2B San Angel,0,30 km,1
170,170,170,bicicleta,60,9/17/2024,18,54,0,Ciudad A,bicicleta,2B San Angel,1,30 km,0
171,171,171,tren,80,10/2/2024,18,55,1,Ciudad C,bicicleta,Ramos,2,30 km,0
172,172,172,bicicleta,60,6/6/2024,15,38,1,Ciudad B,tren,17,2,10 km,0
173,173,173,bicicleta,80,10/3/2024,0,30,1,Ciudad C,autobus,Periferico,0,10 km,1
174,174,174,tren,120,4/4/2024,8,65,1,Ciudad C,bicicleta,Periferico,0,10 km,2
175,175,175,tren,30,5/18/2024,18,70,0,Ciudad C,autobus,Periferico,2,50 km,0
176,176,176,bicicleta,120,3/15/2024,8,48,0,Ciudad C,tren,17,2,50 km,2
177,177,177,autobus,60,3/21/2024,0,22,1,Ciudad A,tren,Express,0,40 km,1
178,178,178,tren,60,7/26/2024,15,61,0,Ciudad C,tren,Ramos,0,10 km,0
179,179,179,bicicleta,80,7/13/2024,15,45,0,Ciudad C,tren,2B San Angel,0,20 km,0
180,180,180,tren,60,7/4/2024,0,33,0,Ciudad B,tren,2B San Angel,1,10 km,1
181,181,181,bicicleta,80,2/19/2024,18,70,0,Ciudad A,bicicleta,2B San Angel,2,40 km,0
182,182,182,bicicleta,120,10/30/2024,0,63,0,Ciudad A,bicicleta,Periferico,1,50 km,2
183,183,183,bicicleta,80,9/22/2024,8,43,0,Ciudad B,autobus,2B San Angel,2,40 km,2
184,184,184,tren,40,4/21/2024,18,69,0,Ciudad A,tren,Periferico,0,20 km,0
185,185,185,autobus,40,6/9/2024,8,52,1,Ciudad C,tren,2B San Angel,0,10 km,0
186,186,186,bicicleta,30,1/24/2024,18,60,0,Ciudad C,autobus,17,1,40 km,0
187,187,187,bicicleta,30,9/15/2024,0,62,1,Ciudad B,autobus,2B San Angel,2,10 km,0
188,188,188,bicicleta,60,5/27/2024,0,37,0,Ciudad C,bicicleta,Periferico,1,50 km,1
189,189,189,autobus,40,6/11/2024,15,45,0,Ciudad B,tren,2B San Angel,1,10 km,0
190,190,190,bicicleta,120,8/13/2024,18,56,1,Ciudad B,tren,Ramos,2,20 km,2
191,191,191,autobus,80,8/22/2024,8,22,0,Ciudad C,tren,Periferico,0,40 km,1
192,192,192,bicicleta,80,6/20/2024,18,19,0,Ciudad B,tren,2B San Angel,2,10 km,1
193,193,193,autobus,120,10/9/2024,18,61,1,Ciudad C,autobus,Ramos,0,40 km,2
194,194,194,tren,40,7/1/2024,18,35,0,Ciudad B,bicicleta,Express,0,30 km,1
195,195,195,autobus,40,9/16/2024,18,34,0,Ciudad C,autobus,2B San Angel,1,30 km,1
196,196,196,tren,60,11/16/2024,15,51,1,Ciudad B,autobus,Express,1,40 km,0
197,197,197,autobus,80,1/20/2024,15,20,0,Ciudad B,autobus,Express,1,20 km,1
198,198,198,tren,80,5/14/2024,15,40,1,Ciudad A,autobus,Ramos,2,10 km,2
199,199,199,bicicleta,80,10/12/2024,15,43,0,Ciudad B,bicicleta,Express,2,40 km,0
200,200,200,bicicleta,80,5/30/2024,18,68,1,Ciudad B,tren,Periferico,2,30 km,0
201,201,201,autobus,120,5/12/2024,18,48,0,Ciudad C,bicicleta,2B San Angel,0,20 km,2
202,202,202,autobus,120,8/30/2024,15,51,1,Ciudad C,autobus,2B San Angel,0,10 km,2
203,203,203,autobus,120,4/12/2024,0,68,1,Ciudad A,tren,Ramos,0,30 km,2
204,204,204,autobus,120,9/17/2024,0,38,0,Ciudad C,autobus,17,2,10 km,2
205,205,205,bicicleta,60,2/21/2024,8,53,1,Ciudad C,bicicleta,Ramos,0,40 km,0
206,206,206,autobus,30,7/11/2024,15,70,0,Ciudad B,bicicleta,Ramos,2,20 km,0
207,207,207,autobus,120,11/3/2024,15,48,0,Ciudad B,tren,2B San Angel,0,40 km,2
208,208,208,autobus,120,1/9/2024,8,20,0,Ciudad C,tren,2B San Angel,2,30 km,2
209,209,209,autobus,80,1/19/2024,18,40,1,Ciudad B,tren,2B San Angel,1,20 km,2
210,210,210,autobus,40,6/18/2024,18,67,1,Ciudad B,tren,2B San Angel,1,50 km,0
211,211,211,autobus,30,2/23/2024,18,43,0,Ciudad B,autobus,17,2,20 km,0
212,212,212,tren,60,9/29/2024,15,60,1,Ciudad B,autobus,Periferico,2,10 km,0
213,213,213,autobus,40,1/13/2024,18,39,1,Ciudad B,tren,17,2,20 km,0
214,214,214,tren,120,7/9/2024,18,46,0,Ciudad C,tren,Express,2,40 km,2
215,215,215,bicicleta,80,8/10/2024,0,36,0,Ciudad B,bicicleta,Periferico,2,50 km,1
216,216,216,autobus,40,3/21/2024,18,61,0,Ciudad A,tren,Ramos,2,20 km,0
217,217,217,tren,40,8/4/2024,15,66,1,Ciudad B,autobus,Express,2,30 km,0
218,218,218,tren,40,10/31/2024,15,47,0,Ciudad B,tren,Periferico,0,20 km,0
219,219,219,autobus,40,7/28/2024,8,26,1,Ciudad B,autobus,2B San Angel,0,40 km,1
220,220,220,bicicleta,40,10/7/2024,0,21,0,Ciudad A,bicicleta,Periferico,2,10 km,1
221,221,221,autobus,30,11/14/2024,15,38,0,Ciudad A,autobus,2B San Angel,0,30 km,1
222,222,222,tren,120,4/30/2024,8,58,0,Ciudad B,autobus,17,2,40 km,2
223,223,223,tren,60,8/23/2024,18,47,0,Ciudad C,autobus,Periferico,1,40 km,0
224,224,224,bicicleta,30,10/31/2024,18,62,1,Ciudad A,tren,Ramos,2,30 km,0
225,225,225,bicicleta,40,10/16/2024,8,34,0,Ciudad C,tren,Periferico,0,40 km,1
226,226,226,autobus,120,3/2/2024,0,46,1,Ciudad C,bicicleta,Express,2,20 km,2
227,227,227,tren,120,6/3/2024,0,30,0,Ciudad A,bicicleta,Periferico,1,10 km,2
228,228,228,bicicleta,120,3/5/2024,15,64,0,Ciudad C,autobus,17,2,30 km,2
229,229,229,bicicleta,40,8/14/2024,0,49,1,Ciudad C,bicicleta,2B San Angel,0,50 km,1
230,230,230,autobus,80,5/10/2024,15,57,1,Ciudad B,tren,Express,0,20 km,0
231,231,231,tren,80,6/11/2024,0,58,1,Ciudad C,autobus,Periferico,2,30 km,0
232,232,232,autobus,60,4/27/2024,15,24,1,Ciudad B,bicicleta,Periferico,0,20 km,1
233,233,233,bicicleta,40,2/22/2024,0,34,0,Ciudad B,autobus,2B San Angel,2,20 km,1
234,234,234,bicicleta,60,1/12/2024,8,55,0,Ciudad A,tren,Ramos,1,20 km,0
235,235,235,tren,60,1/6/2024,15,68,1,Ciudad C,autobus,Ramos,1,10 km,0
236,236,236,tren,30,7/10/2024,8,60,1,Ciudad C,bicicleta,17,2,40 km,0
237,237,237,bicicleta,40,5/26/2024,15,19,0,Ciudad C,tren,17,1,10 km,1
238,238,238,tren,30,8/11/2024,8,48,1,Ciudad C,autobus,Express,0,50 km,1
239,239,239,bicicleta,40,4/1/2024,18,41,0,Ciudad C,tren,Periferico,1,50 km,0
240,240,240,autobus,60,10/11/2024,18,22,1,Ciudad C,tren,2B San Angel,1,50 km,1
241,241,241,bicicleta,120,1/20/2024,15,54,1,Ciudad C,bicicleta,17,2,40 km,2
242,242,242,autobus,60,7/20/2024,8,22,1,Ciudad A,bicicleta,Ramos,2,30 km,1
243,243,243,autobus,30,1/31/2024,0,27,1,Ciudad C,autobus,Ramos,0,40 km,1
244,244,244,bicicleta,120,5/7/2024,18,33,0,Ciudad C,autobus,2B San Angel,2,10 km,2
245,245,245,tren,80,4/13/2024,18,50,1,Ciudad A,tren,Periferico,1,40 km,0
246,246,246,bicicleta,80,11/16/2024,0,44,0,Ciudad B,tren,2B San Angel,1,10 km,1
247,247,247,tren,60,7/13/2024,8,61,0,Ciudad A,tren,17,0,50 km,0
248,248,248,tren,30,5/31/2024,15,19,0,Ciudad A,bicicleta,Periferico,0,40 km,1
249,249,249,bicicleta,60,4/18/2024,8,68,1,Ciudad B,tren,2B San Angel,0,50 km,0
250,250,250,autobus,30,7/23/2024,18,66,0,Ciudad A,bicicleta,Express,0,40 km,0
251,251,251,tren,60,5/14/2024,15,39,0,Ciudad C,autobus,17,0,30 km,1
252,252,252,autobus,40,4/30/2024,15,65,1,Ciudad B,tren,Express,2,30 km,0
253,253,253,tren,80,6/3/2024,0,49,1,Ciudad A,bicicleta,2B San Angel,1,50 km,2
254,254,254,autobus,120,2/9/2024,0,19,0,Ciudad C,bicicleta,2B San Angel,1,50 km,2
255,255,255,tren,40,5/26/2024,18,29,0,Ciudad B,autobus,2B San Angel,2,40 km,1
256,256,256,bicicleta,120,10/15/2024,0,69,1,Ciudad A,tren,Ramos,1,50 km,2
257,257,257,bicicleta,30,1/15/2024,8,32,0,Ciudad C,autobus,2B San Angel,0,10 km,1
258,258,258,bicicleta,30,2/9/2024,18,51,1,Ciudad C,tren,Periferico,2,40 km,0
259,259,259,autobus,120,1/8/2024,8,24,0,Ciudad A,tren,17,0,20 km,2
260,260,260,bicicleta,60,11/16/2024,0,44,0,Ciudad B,tren,17,0,10 km,1
261,261,261,tren,80,11/21/2024,8,32,1,Ciudad A,bicicleta,Express,1,40 km,1
262,262,262,bicicleta,80,5/22/2024,15,43,1,Ciudad B,tren,Express,0,50 km,1
263,263,263,tren,120,6/10/2024,15,52,1,Ciudad A,bicicleta,Express,2,50 km,2
264,264,264,tren,80,8/29/2024,8,63,0,Ciudad B,bicicleta,17,0,30 km,0
265,265,265,tren,60,2/1/2024,0,48,1,Ciudad C,autobus,2B San Angel,2,10 km,0
266,266,266,bicicleta,80,8/2/2024,18,45,0,Ciudad C,autobus,Ramos,2,10 km,0
267,267,267,tren,120,8/15/2024,18,70,0,Ciudad B,bicicleta,17,1,40 km,2
268,268,268,tren,60,4/17/2024,15,61,1,Ciudad B,tren,Ramos,1,50 km,0
269,269,269,autobus,40,5/21/2024,0,28,0,Ciudad C,tren,17,2,30 km,1
270,270,270,autobus,120,3/14/2024,8,63,0,Ciudad C,autobus,Periferico,1,40 km,2
271,271,271,tren,30,4/10/2024,8,61,1,Ciudad C,tren,Ramos,2,10 km,0
272,272,272,bicicleta,30,6/11/2024,15,32,1,Ciudad B,bicicleta,2B San Angel,1,40 km,1
273,273,273,tren,120,10/29/2024,18,54,1,Ciudad B,bicicleta,Periferico,2,30 km,2
274,274,274,bicicleta,80,5/15/2024,18,64,0,Ciudad C,bicicleta,Ramos,0,40 km,0
275,275,275,autobus,80,10/12/2024,15,69,1,Ciudad B,bicicleta,2B San Angel,1,30 km,0
276,276,276,bicicleta,30,10/4/2024,0,38,0,Ciudad B,autobus,17,2,10 km,1
277,277,277,tren,40,10/5/2024,0,30,0,Ciudad C,bicicleta,17,2,50 km,1
278,278,278,bicicleta,60,8/15/2024,18,24,0,Ciudad B,autobus,Periferico,2,40 km,1
279,279,279,bicicleta,40,8/9/2024,18,49,0,Ciudad A,tren,17,2,30 km,0
280,280,280,autobus,40,6/21/2024,15,19,0,Ciudad C,tren,Ramos,2,40 km,1
281,281,281,tren,120,8/19/2024,15,57,0,Ciudad C,autobus,17,0,20 km,2
282,282,282,tren,40,3/31/2024,8,29,0,Ciudad A,bicicleta,2B San Angel,2,30 km,1
283,283,283,autobus,30,6/23/2024,0,52,1,Ciudad B,autobus,Express,1,20 km,0
284,284,284,autobus,40,2/20/2024,0,66,1,Ciudad A,autobus,Ramos,2,20 km,0
285,285,285,autobus,80,8/17/2024,8,47,0,Ciudad A,tren,Express,1,30 km,2
286,286,286,bicicleta,120,3/12/2024,0,51,0,Ciudad B,bicicleta,17,0,30 km,2
287,287,287,autobus,120,10/19/2024,15,51,1,Ciudad A,bicicleta,Ramos,2,10 km,2
288,288,288,autobus,120,10/4/2024,0,60,1,Ciudad B,tren,Express,2,40 km,2
289,289,289,tren,60,9/10/2024,0,32,0,Ciudad C,tren,Express,1,20 km,1
290,290,290,autobus,60,9/24/2024,8,64,1,Ciudad A,bicicleta,17,1,40 km,0
291,291,291,tren,80,6/14/2024,18,58,1,Ciudad B,tren,17,1,50 km,0
292,292,292,bicicleta,60,7/28/2024,15,19,1,Ciudad C,tren,2B San Angel,1,10 km,1
293,293,293,tren,40,10/9/2024,15,25,1,Ciudad A,bicicleta,Ramos,2,20 km,1
294,294,294,tren,120,10/3/2024,15,60,1,Ciudad C,bicicleta,2B San Angel,1,30 km,2
295,295,295,bicicleta,40,10/24/2024,8,38,0,Ciudad B,autobus,17,1,30 km,1
296,296,296,bicicleta,60,2/26/2024,15,56,0,Ciudad C,tren,17,0,40 km,0
297,297,297,tren,80,10/8/2024,15,45,1,Ciudad C,tren,Ramos,2,40 km,0
298,298,298,autobus,60,6/12/2024,8,67,0,Ciudad A,bicicleta,2B San Angel,0,20 km,0
299,299,299,autobus,30,7/30/2024,0,56,1,Ciudad C,autobus,17,1,50 km,0
300,300,300,tren,80,2/5/2024,8,32,0,Ciudad B,bicicleta,17,1,40 km,1
301,301,301,autobus,40,8/30/2024,15,27,0,Ciudad A,bicicleta,Ramos,2,50 km,1
302,302,302,tren,80,6/14/2024,18,65,1,Ciudad A,autobus,Express,2,40 km,0
303,303,303,bicicleta,120,9/15/2024,0,35,0,Ciudad B,autobus,Ramos,2,10 km,2
304,304,304,tren,40,8/30/2024,15,31,1,Ciudad B,autobus,Ramos,1,40 km,1
305,305,305,tren,40,2/5/2024,15,31,1,Ciudad B,bicicleta,2B San Angel,2,40 km,1
306,306,306,tren,30,6/19/2024,0,33,0,Ciudad B,tren,17,2,30 km,1
307,307,307,tren,60,7/14/2024,15,20,1,Ciudad C,autobus,Periferico,2,50 km,1
308,308,308,bicicleta,40,1/13/2024,0,64,0,Ciudad B,bicicleta,17,1,20 km,0
309,309,309,bicicleta,40,2/14/2024,18,60,1,Ciudad A,autobus,2B San Angel,1,50 km,0
310,310,310,autobus,60,1/29/2024,18,52,0,Ciudad A,autobus,2B San Angel,1,10 km,0
311,311,311,bicicleta,60,4/26/2024,8,30,1,Ciudad B,bicicleta,2B San Angel,2,40 km,1
312,312,312,tren,60,6/2/2024,8,46,1,Ciudad A,autobus,Periferico,2,30 km,0
313,313,313,bicicleta,60,5/21/2024,15,64,0,Ciudad B,bicicleta,Ramos,2,50 km,0
314,314,314,bicicleta,60,3/3/2024,8,35,0,Ciudad A,bicicleta,Periferico,0,20 km,1
315,315,315,tren,30,10/21/2024,8,43,0,Ciudad A,tren,Express,0,30 km,1
316,316,316,bicicleta,40,10/5/2024,18,21,1,Ciudad B,autobus,17,2,50 km,1
317,317,317,autobus,80,1/3/2024,0,25,1,Ciudad C,autobus,Ramos,2,30 km,1
318,318,318,tren,40,6/5/2024,8,22,1,Ciudad C,bicicleta,Periferico,2,20 km,1
319,319,319,bicicleta,30,4/4/2024,0,66,0,Ciudad B,tren,17,1,50 km,0
320,320,320,bicicleta,120,3/7/2024,0,38,1,Ciudad A,bicicleta,2B San Angel,1,50 km,2
321,321,321,tren,120,1/6/2024,15,28,0,Ciudad C,bicicleta,Ramos,2,20 km,2
322,322,322,tren,30,5/2/2024,8,58,0,Ciudad A,bicicleta,Express,1,10 km,0
323,323,323,bicicleta,40,4/13/2024,18,24,1,Ciudad B,autobus,Periferico,2,10 km,1
324,324,324,bicicleta,40,10/3/2024,15,70,1,Ciudad B,tren,Ramos,0,40 km,0
325,325,325,autobus,30,2/12/2024,8,25,1,Ciudad A,tren,2B San Angel,1,20 km,1
326,326,326,tren,60,2/20/2024,18,42,1,Ciudad B,bicicleta,Express,0,30 km,1
327,327,327,bicicleta,120,11/12/2024,15,36,0,Ciudad B,autobus,Ramos,0,20 km,2
328,328,328,autobus,30,5/6/2024,18,42,1,Ciudad A,bicicleta,17,0,40 km,1
329,329,329,bicicleta,80,7/25/2024,8,41,1,Ciudad B,tren,2B San Angel,0,10 km,1
330,330,330,tren,40,4/30/2024,15,33,0,Ciudad B,autobus,Ramos,0,20 km,1
331,331,331,autobus,80,11/15/2024,18,58,1,Ciudad A,bicicleta,17,1,10 km,0
332,332,332,tren,60,4/18/2024,15,38,1,Ciudad B,autobus,Express,1,20 km,1
333,333,333,bicicleta,120,6/13/2024,0,28,0,Ciudad A,bicicleta,Express,0,40 km,2
334,334,334,autobus,40,4/11/2024,15,24,1,Ciudad C,tren,Periferico,0,40 km,1
335,335,335,autobus,30,2/20/2024,8,48,1,Ciudad C,autobus,Ramos,0,10 km,1
336,336,336,autobus,120,4/23/2024,8,25,0,Ciudad B,autobus,Express,2,50 km,2
337,337,337,autobus,60,10/30/2024,15,23,0,Ciudad C,tren,2B San Angel,2,10 km,1
338,338,338,autobus,30,5/4/2024,18,21,0,Ciudad B,tren,Ramos,2,50 km,1
339,339,339,autobus,120,8/29/2024,8,26,0,Ciudad A,tren,17,0,30 km,2
340,340,340,autobus,30,3/20/2024,15,52,0,Ciudad A,bicicleta,Express,0,20 km,0
341,341,341,tren,40,7/20/2024,15,46,1,Ciudad C,tren,Periferico,2,40 km,0
342,342,342,bicicleta,60,3/10/2024,8,55,1,Ciudad C,autobus,2B San Angel,2,50 km,0
343,343,343,autobus,40,11/7/2024,18,53,1,Ciudad A,bicicleta,2B San Angel,1,20 km,0
344,344,344,tren,60,7/30/2024,8,23,0,Ciudad C,autobus,17,0,30 km,1
345,345,345,autobus,40,7/9/2024,18,62,1,Ciudad B,tren,Ramos,0,40 km,0
346,346,346,autobus,80,10/4/2024,18,27,0,Ciudad A,autobus,Periferico,0,50 km,1
347,347,347,autobus,40,9/7/2024,8,31,1,Ciudad C,autobus,Ramos,2,50 km,1
348,348,348,autobus,30,2/21/2024,15,54,1,Ciudad C,bicicleta,Periferico,0,30 km,0
349,349,349,bicicleta,80,6/4/2024,15,51,1,Ciudad C,bicicleta,Express,0,50 km,0
350,350,350,autobus,30,9/26/2024,0,66,1,Ciudad A,bicicleta,Periferico,2,10 km,0
351,351,351,tren,40,10/15/2024,0,42,0,Ciudad C,bicicleta,17,1,40 km,1
352,352,352,bicicleta,80,3/1/2024,0,43,0,Ciudad C,bicicleta,Express,0,40 km,1
353,353,353,bicicleta,60,1/30/2024,8,65,0,Ciudad A,autobus,Ramos,0,30 km,0
354,354,354,bicicleta,80,8/30/2024,0,66,1,Ciudad B,autobus,Ramos,0,30 km,0
355,355,355,autobus,60,8/20/2024,8,20,1,Ciudad A,autobus,Periferico,2,40 km,1
356,356,356,bicicleta,80,8/18/2024,15,67,1,Ciudad B,tren,17,2,40 km,0
357,357,357,bicicleta,120,1/9/2024,18,51,1,Ciudad C,bicicleta,Ramos,0,30 km,2
358,358,358,bicicleta,120,6/30/2024,0,36,0,Ciudad B,tren,17,2,30 km,2
359,359,359,tren,40,2/21/2024,15,57,1,Ciudad B,bicicleta,Express,0,30 km,0
360,360,360,tren,30,2/20/2024,15,63,1,Ciudad B,autobus,Ramos,0,20 km,0
361,361,361,autobus,40,2/20/2024,15,35,1,Ciudad A,tren,17,2,10 km,1
362,362,362,tren,120,7/10/2024,18,61,0,Ciudad C,tren,Express,0,40 km,2
363,363,363,tren,120,8/24/2024,18,50,1,Ciudad A,bicicleta,17,1,30 km,2
364,364,364,tren,80,8/23/2024,0,21,0,Ciudad B,bicicleta,17,2,30 km,1
365,365,365,bicicleta,30,9/23/2024,0,42,0,Ciudad B,tren,Periferico,2,20 km,1
366,366,366,bicicleta,120,1/24/2024,0,25,1,Ciudad C,tren,Ramos,2,40 km,2
367,367,367,autobus,30,3/17/2024,18,56,0,Ciudad B,tren,Express,1,30 km,0
368,368,368,autobus,120,2/7/2024,15,26,1,Ciudad A,autobus,17,2,50 km,2
369,369,369,autobus,60,9/12/2024,0,20,1,Ciudad B,autobus,2B San Angel,0,20 km,1
370,370,370,bicicleta,80,3/13/2024,15,43,1,Ciudad C,tren,2B San Angel,2,30 km,0
371,371,371,tren,30,1/14/2024,18,65,0,Ciudad B,bicicleta,17,1,30 km,0
372,372,372,tren,60,9/1/2024,15,25,0,Ciudad A,tren,Express,1,30 km,1
373,373,373,bicicleta,60,11/16/2024,8,62,0,Ciudad C,autobus,17,1,20 km,0
374,374,374,autobus,80,3/15/2024,8,59,0,Ciudad C,tren,Periferico,0,20 km,0
375,375,375,autobus,40,3/2/2024,15,58,0,Ciudad B,tren,Express,2,30 km,0
376,376,376,bicicleta,60,9/25/2024,0,53,1,Ciudad B,bicicleta,Ramos,0,40 km,1
377,377,377,tren,80,3/15/2024,0,36,1,Ciudad A,autobus,2B San Angel,2,10 km,1
378,378,378,bicicleta,60,5/3/2024,8,60,0,Ciudad B,autobus,2B San Angel,2,20 km,0
379,379,379,bicicleta,30,2/6/2024,15,46,1,Ciudad A,tren,Ramos,1,10 km,0
380,380,380,autobus,80,8/17/2024,0,67,1,Ciudad C,autobus,2B San Angel,0,30 km,0
381,381,381,tren,60,2/26/2024,0,61,1,Ciudad C,bicicleta,Express,0,10 km,0
382,382,382,bicicleta,120,2/6/2024,8,39,0,Ciudad B,autobus,17,0,10 km,2
383,383,383,bicicleta,120,1/29/2024,8,62,0,Ciudad C,autobus,17,2,20 km,2
384,384,384,bicicleta,30,6/23/2024,8,42,1,Ciudad A,tren,2B San Angel,2,20 km,0
385,385,385,autobus,30,7/15/2024,8,33,0,Ciudad C,bicicleta,2B San Angel,2,20 km,1
386,386,386,tren,30,3/8/2024,0,33,0,Ciudad B,bicicleta,Express,2,10 km,1
387,387,387,tren,30,7/12/2024,18,58,1,Ciudad A,autobus,Express,0,40 km,0
388,388,388,bicicleta,60,10/23/2024,8,32,1,Ciudad C,autobus,Ramos,0,30 km,1
389,389,389,bicicleta,120,5/20/2024,15,67,1,Ciudad B,bicicleta,Express,2,50 km,2
390,390,390,bicicleta,60,9/11/2024,0,67,0,Ciudad C,autobus,Ramos,2,10 km,0
391,391,391,bicicleta,120,5/8/2024,15,57,1,Ciudad B,bicicleta,2B San Angel,0,30 km,2
392,392,392,bicicleta,80,10/25/2024,18,53,1,Ciudad C,bicicleta,Express,1,30 km,0
393,393,393,autobus,120,1/17/2024,18,22,1,Ciudad A,bicicleta,17,1,30 km,2
394,394,394,autobus,30,7/29/2024,18,21,0,Ciudad A,bicicleta,2B San Angel,1,20 km,1
395,395,395,autobus,120,4/1/2024,15,50,0,Ciudad B,bicicleta,2B San Angel,1,20 km,2
396,396,396,tren,40,10/17/2024,18,25,0,Ciudad A,bicicleta,Ramos,2,30 km,1
397,397,397,tren,30,7/21/2024,18,52,1,Ciudad A,tren,17,2,50 km,0
398,398,398,tren,120,3/4/2024,0,47,0,Ciudad A,autobus,2B San Angel,0,10 km,2
399,399,399,bicicleta,120,4/11/2024,15,64,1,Ciudad C,bicicleta,2B San Angel,0,30 km,2
400,400,400,tren,80,11/11/2024,18,19,0,Ciudad C,autobus,17,0,40 km,1
401,401,401,autobus,120,8/5/2024,18,25,1,Ciudad C,autobus,17,0,50 km,2
402,402,402,bicicleta,80,10/29/2024,8,70,1,Ciudad A,tren,2B San Angel,2,30 km,0
403,403,403,bicicleta,40,6/29/2024,8,21,0,Ciudad B,autobus,Express,1,30 km,1
404,404,404,bicicleta,80,3/29/2024,0,45,1,Ciudad B,tren,2B San Angel,1,30 km,2
405,405,405,autobus,120,5/16/2024,18,30,0,Ciudad C,autobus,Express,0,30 km,2
406,406,406,tren,40,9/24/2024,0,29,1,Ciudad C,autobus,Express,2,50 km,1
407,407,407,autobus,60,9/5/2024,15,39,0,Ciudad A,autobus,Periferico,2,50 km,0
408,408,408,tren,80,6/5/2024,8,45,1,Ciudad B,autobus,Ramos,1,20 km,2
409,409,409,tren,60,1/13/2024,0,43,1,Ciudad C,tren,Express,1,10 km,1
410,410,410,bicicleta,30,5/20/2024,15,25,0,Ciudad A,tren,17,0,50 km,1
411,411,411,bicicleta,60,10/26/2024,8,60,0,Ciudad B,tren,Express,1,30 km,0
412,412,412,tren,120,2/22/2024,0,29,0,Ciudad C,tren,2B San Angel,0,20 km,2
413,413,413,tren,80,5/22/2024,0,68,0,Ciudad B,bicicleta,Express,1,50 km,0
414,414,414,autobus,30,2/10/2024,18,55,1,Ciudad B,bicicleta,2B San Angel,1,40 km,0
415,415,415,tren,80,2/3/2024,18,20,0,Ciudad C,tren,2B San Angel,1,20 km,1
416,416,416,autobus,120,7/1/2024,8,31,1,Ciudad B,bicicleta,Periferico,0,30 km,2
417,417,417,autobus,120,5/22/2024,8,39,1,Ciudad B,tren,Periferico,2,30 km,2
418,418,418,bicicleta,60,5/15/2024,15,22,0,Ciudad B,bicicleta,Ramos,1,50 km,1
419,419,419,bicicleta,80,1/10/2024,15,62,1,Ciudad C,autobus,2B San Angel,2,50 km,0
420,420,420,tren,60,10/6/2024,8,56,1,Ciudad B,tren,17,2,30 km,0
421,421,421,tren,80,9/17/2024,8,20,0,Ciudad C,tren,Periferico,0,40 km,1
422,422,422,tren,40,6/10/2024,18,55,0,Ciudad A,autobus,2B San Angel,0,30 km,0
423,423,423,bicicleta,30,10/23/2024,15,58,1,Ciudad B,tren,Ramos,0,30 km,0
424,424,424,tren,60,5/18/2024,15,52,0,Ciudad B,tren,17,1,40 km,0
425,425,425,autobus,40,9/28/2024,15,25,0,Ciudad C,bicicleta,Express,0,50 km,1
426,426,426,autobus,120,6/23/2024,8,68,0,Ciudad A,autobus,Ramos,2,30 km,2
427,427,427,tren,80,3/21/2024,8,68,0,Ciudad C,bicicleta,2B San Angel,2,50 km,0
428,428,428,autobus,60,7/21/2024,15,42,1,Ciudad B,bicicleta,2B San Angel,1,10 km,0
429,429,429,bicicleta,40,8/11/2024,8,40,0,Ciudad A,bicicleta,2B San Angel,2,20 km,1
430,430,430,autobus,60,3/22/2024,0,23,0,Ciudad A,tren,Ramos,2,30 km,1
431,431,431,autobus,120,2/20/2024,18,58,1,Ciudad A,bicicleta,2B San Angel,2,30 km,2
432,432,432,autobus,80,3/9/2024,8,36,1,Ciudad B,tren,17,0,20 km,1
433,433,433,bicicleta,120,2/23/2024,15,67,1,Ciudad A,autobus,Periferico,2,20 km,2
434,434,434,bicicleta,60,8/31/2024,15,40,0,Ciudad A,tren,Periferico,2,20 km,0
435,435,435,bicicleta,60,5/30/2024,18,44,1,Ciudad C,tren,Ramos,2,40 km,0
436,436,436,bicicleta,40,10/23/2024,15,19,1,Ciudad A,tren,Periferico,2,50 km,1
437,437,437,autobus,120,6/20/2024,0,30,1,Ciudad A,tren,Express,2,50 km,2
438,438,438,bicicleta,60,8/13/2024,8,18,1,Ciudad C,bicicleta,Express,0,30 km,1
439,439,439,bicicleta,30,1/25/2024,8,57,1,Ciudad A,autobus,2B San Angel,1,50 km,0
440,440,440,bicicleta,120,5/16/2024,8,52,0,Ciudad B,tren,Express,2,20 km,2
441,441,441,bicicleta,60,1/7/2024,15,58,1,Ciudad B,tren,2B San Angel,1,30 km,0
442,442,442,autobus,120,6/9/2024,18,60,0,Ciudad A,bicicleta,Ramos,1,20 km,2
443,443,443,tren,80,5/12/2024,8,19,0,Ciudad A,bicicleta,Express,2,30 km,1
444,444,444,autobus,80,4/13/2024,18,42,0,Ciudad A,bicicleta,Periferico,2,30 km,0
445,445,445,tren,60,9/1/2024,0,34,1,Ciudad B,tren,Express,2,40 km,1
446,446,446,bicicleta,30,11/20/2024,15,49,0,Ciudad C,bicicleta,Express,0,50 km,0
447,447,447,tren,60,2/9/2024,8,60,0,Ciudad A,tren,Express,1,10 km,0
448,448,448,autobus,80,9/14/2024,15,30,0,Ciudad A,tren,2B San Angel,2,40 km,1
449,449,449,autobus,80,3/15/2024,18,62,1,Ciudad A,autobus,Express,0,50 km,0
450,450,450,tren,60,5/23/2024,8,44,1,Ciudad A,autobus,Express,0,50 km,1
451,451,451,tren,60,9/17/2024,0,34,1,Ciudad B,tren,2B San Angel,2,40 km,1
452,452,452,tren,80,3/15/2024,18,45,0,Ciudad A,autobus,2B San Angel,0,20 km,0
453,453,453,autobus,40,4/2/2024,8,31,1,Ciudad A,bicicleta,Periferico,1,10 km,1
454,454,454,autobus,80,6/9/2024,0,68,0,Ciudad A,autobus,Express,2,20 km,0
455,455,455,tren,60,1/17/2024,18,60,1,Ciudad A,bicicleta,2B San Angel,1,10 km,0
456,456,456,bicicleta,30,7/1/2024,0,63,0,Ciudad C,bicicleta,2B San Angel,2,30 km,0
457,457,457,tren,60,8/6/2024,18,64,1,Ciudad B,autobus,Express,0,40 km,0
458,458,458,bicicleta,40,10/4/2024,18,19,1,Ciudad B,bicicleta,Express,2,30 km,1
459,459,459,tren,40,1/28/2024,0,23,0,Ciudad B,tren,17,0,40 km,1
460,460,460,tren,60,9/25/2024,0,19,1,Ciudad A,autobus,Express,1,20 km,1
461,461,461,autobus,60,1/3/2024,18,37,1,Ciudad C,tren,Periferico,2,30 km,0
462,462,462,bicicleta,120,8/21/2024,8,55,1,Ciudad A,autobus,Ramos,2,20 km,2
463,463,463,tren,60,8/11/2024,18,58,1,Ciudad C,bicicleta,17,0,40 km,0
464,464,464,tren,40,10/7/2024,15,59,0,Ciudad B,autobus,17,0,30 km,0
465,465,465,autobus,60,6/13/2024,0,40,1,Ciudad B,bicicleta,Ramos,1,10 km,1
466,466,466,tren,80,8/24/2024,15,66,1,Ciudad C,autobus,Ramos,2,20 km,0
467,467,467,bicicleta,60,7/13/2024,18,69,0,Ciudad B,bicicleta,Periferico,1,10 km,0
468,468,468,bicicleta,60,10/1/2024,0,26,0,Ciudad A,tren,2B San Angel,1,40 km,1
469,469,469,autobus,80,10/14/2024,15,56,1,Ciudad B,bicicleta,Periferico,1,50 km,0
470,470,470,tren,120,9/16/2024,15,31,1,Ciudad C,tren,Express,2,10 km,2
471,471,471,autobus,40,10/7/2024,8,46,0,Ciudad A,bicicleta,17,0,10 km,1
472,472,472,autobus,60,4/23/2024,15,54,1,Ciudad C,tren,Express,1,10 km,0
473,473,473,bicicleta,40,8/14/2024,8,35,0,Ciudad A,autobus,Ramos,1,40 km,1
474,474,474,bicicleta,80,8/13/2024,18,55,1,Ciudad C,autobus,Express,0,50 km,0
475,475,475,autobus,120,4/22/2024,0,57,1,Ciudad B,tren,Express,2,40 km,2
476,476,476,bicicleta,120,10/5/2024,0,27,0,Ciudad A,autobus,Ramos,2,30 km,2
477,477,477,tren,30,7/1/2024,18,35,0,Ciudad B,bicicleta,Express,2,20 km,1
478,478,478,tren,30,10/14/2024,0,42,0,Ciudad C,tren,17,2,20 km,1
479,479,479,bicicleta,40,3/24/2024,0,66,1,Ciudad C,tren,Periferico,0,20 km,0
480,480,480,tren,60,8/14/2024,0,30,1,Ciudad C,autobus,Express,1,40 km,1
481,481,481,bicicleta,40,1/26/2024,0,18,0,Ciudad B,bicicleta,2B San Angel,1,40 km,1
482,482,482,autobus,30,11/3/2024,18,36,1,Ciudad B,bicicleta,2B San Angel,0,40 km,1
483,483,483,autobus,30,2/5/2024,8,40,0,Ciudad A,autobus,Ramos,0,10 km,1
484,484,484,tren,60,2/10/2024,8,27,1,Ciudad C,tren,Periferico,0,20 km,1
485,485,485,bicicleta,60,11/5/2024,18,33,1,Ciudad C,bicicleta,Periferico,2,20 km,1
486,486,486,autobus,60,9/25/2024,18,60,1,Ciudad A,bicicleta,Ramos,2,40 km,0
487,487,487,tren,60,2/17/2024,8,51,1,Ciudad A,autobus,Periferico,0,40 km,0
488,488,488,bicicleta,30,10/9/2024,15,51,1,Ciudad B,autobus,2B San Angel,2,50 km,0
489,489,489,autobus,40,4/4/2024,18,35,0,Ciudad B,tren,Ramos,1,10 km,1
490,490,490,bicicleta,60,1/14/2024,8,60,1,Ciudad B,autobus,Express,2,40 km,0
491,491,491,tren,40,3/19/2024,0,27,1,Ciudad B,tren,17,1,20 km,1
492,492,492,bicicleta,80,3/22/2024,0,26,0,Ciudad C,autobus,Ramos,1,30 km,1
493,493,493,tren,60,10/11/2024,15,34,1,Ciudad C,autobus,Periferico,0,20 km,1
494,494,494,autobus,30,11/8/2024,0,40,1,Ciudad C,tren,17,0,40 km,1
495,495,495,bicicleta,40,5/9/2024,18,47,1,Ciudad B,tren,Ramos,1,10 km,0
496,496,496,tren,60,1/17/2024,8,55,0,Ciudad B,bicicleta,Express,0,10 km,0
497,497,497,bicicleta,120,6/2/2024,15,42,1,Ciudad C,tren,Express,1,40 km,2
498,498,498,bicicleta,30,9/14/2024,15,28,0,Ciudad A,autobus,17,0,10 km,1
499,499,499,tren,80,9/14/2024,8,34,0,Ciudad A,tren,Ramos,0,50 km,1
500,500,500,autobus,60,10/9/2024,18,62,0,Ciudad C,autobus,Ramos,1,10 km,0
501,501,501,bicicleta,60,9/27/2024,0,20,0,Ciudad A,autobus,Ramos,0,30 km,1
502,502,502,tren,40,3/19/2024,18,25,1,Ciudad C,tren,Express,2,10 km,1
503,503,503,autobus,40,11/13/2024,0,42,0,Ciudad B,tren,Express,1,40 km,1
504,504,504,bicicleta,120,6/15/2024,0,21,1,Ciudad C,tren,17,1,40 km,2
505,505,505,bicicleta,30,6/17/2024,0,24,0,Ciudad C,tren,2B San Angel,0,20 km,1
506,506,506,autobus,120,1/27/2024,18,66,1,Ciudad C,bicicleta,2B San Angel,2,50 km,2
507,507,507,autobus,120,3/1/2024,15,35,0,Ciudad C,tren,2B San Angel,0,10 km,2
508,508,508,autobus,40,4/6/2024,18,22,1,Ciudad C,autobus,Express,0,30 km,1
509,509,509,autobus,40,4/18/2024,8,60,0,Ciudad C,bicicleta,Periferico,0,30 km,0
510,510,510,tren,30,8/16/2024,0,44,0,Ciudad A,bicicleta,Ramos,0,10 km,1
511,511,511,autobus,80,9/20/2024,8,60,1,Ciudad C,tren,Express,1,30 km,0
512,512,512,bicicleta,30,11/9/2024,8,31,1,Ciudad A,autobus,Periferico,1,10 km,1
513,513,513,bicicleta,40,10/30/2024,8,32,1,Ciudad B,tren,2B San Angel,1,10 km,1
514,514,514,autobus,40,3/1/2024,8,57,0,Ciudad C,tren,2B San Angel,2,20 km,0
515,515,515,autobus,80,1/19/2024,8,31,1,Ciudad C,bicicleta,17,0,30 km,1
516,516,516,autobus,60,7/18/2024,0,41,0,Ciudad C,bicicleta,Express,1,20 km,1
517,517,517,tren,40,1/19/2024,0,59,1,Ciudad C,bicicleta,17,0,20 km,0
518,518,518,autobus,40,10/5/2024,8,48,1,Ciudad B,tren,Ramos,2,50 km,0
519,519,519,autobus,80,7/17/2024,8,47,0,Ciudad B,tren,17,1,10 km,2
520,520,520,tren,120,6/9/2024,0,26,0,Ciudad A,tren,Ramos,2,30 km,2
521,521,521,autobus,80,4/12/2024,15,59,0,Ciudad C,bicicleta,Ramos,0,30 km,0
522,522,522,bicicleta,30,6/11/2024,15,56,1,Ciudad A,bicicleta,2B San Angel,2,20 km,0
523,523,523,autobus,120,1/23/2024,18,32,1,Ciudad B,autobus,17,0,50 km,2
524,524,524,tren,80,7/13/2024,15,20,0,Ciudad C,bicicleta,17,1,10 km,1
525,525,525,autobus,60,1/26/2024,0,58,1,Ciudad A,tren,2B San Angel,0,10 km,0
526,526,526,bicicleta,120,8/18/2024,8,35,1,Ciudad C,tren,17,2,30 km,2
527,527,527,bicicleta,60,7/26/2024,15,31,0,Ciudad C,tren,Periferico,0,40 km,1
528,528,528,tren,40,5/9/2024,0,49,1,Ciudad B,autobus,Periferico,1,10 km,1
529,529,529,autobus,30,3/30/2024,18,41,1,Ciudad A,bicicleta,Express,2,40 km,0
530,530,530,bicicleta,120,6/13/2024,18,24,1,Ciudad B,bicicleta,17,2,20 km,2
531,531,531,bicicleta,80,10/7/2024,18,55,1,Ciudad A,tren,2B San Angel,2,20 km,0
532,532,532,autobus,40,4/1/2024,8,70,1,Ciudad B,autobus,Periferico,1,40 km,0
533,533,533,autobus,80,1/26/2024,15,56,1,Ciudad B,tren,Periferico,0,20 km,0
534,534,534,tren,80,9/4/2024,0,63,1,Ciudad A,tren,Periferico,1,30 km,0
535,535,535,bicicleta,30,11/16/2024,18,48,1,Ciudad C,tren,Periferico,1,50 km,0
536,536,536,tren,60,2/9/2024,0,19,1,Ciudad A,tren,Ramos,0,10 km,1
537,537,537,bicicleta,120,5/1/2024,0,66,1,Ciudad A,bicicleta,Periferico,1,30 km,2
538,538,538,bicicleta,30,7/7/2024,8,52,0,Ciudad B,tren,Periferico,2,20 km,0
539,539,539,autobus,60,5/6/2024,15,53,1,Ciudad C,tren,Ramos,2,50 km,0
540,540,540,autobus,80,8/13/2024,8,64,1,Ciudad B,bicicleta,2B San Angel,1,30 km,0
541,541,541,autobus,40,11/16/2024,18,34,1,Ciudad B,autobus,17,0,40 km,1
542,542,542,autobus,80,8/24/2024,8,28,1,Ciudad B,bicicleta,2B San Angel,2,30 km,1
543,543,543,tren,30,4/3/2024,8,32,1,Ciudad C,bicicleta,2B San Angel,1,40 km,1
544,544,544,autobus,30,9/6/2024,8,64,0,Ciudad B,bicicleta,2B San Angel,2,50 km,0
545,545,545,bicicleta,120,7/26/2024,0,28,0,Ciudad A,autobus,Express,2,30 km,2
546,546,546,autobus,120,1/29/2024,0,42,1,Ciudad B,bicicleta,2B San Angel,0,50 km,2
547,547,547,autobus,80,2/29/2024,0,63,1,Ciudad A,autobus,2B San Angel,2,40 km,0
548,548,548,tren,80,5/7/2024,15,19,0,Ciudad A,tren,Periferico,1,40 km,1
549,549,549,autobus,30,3/27/2024,0,31,1,Ciudad A,autobus,17,0,40 km,1
550,550,550,tren,40,9/9/2024,15,33,0,Ciudad B,tren,Periferico,0,30 km,1
551,551,551,tren,120,1/2/2024,8,64,0,Ciudad A,tren,Express,2,10 km,2
552,552,552,bicicleta,30,8/2/2024,15,40,0,Ciudad C,bicicleta,Ramos,1,50 km,1
553,553,553,autobus,40,1/21/2024,0,49,0,Ciudad A,bicicleta,Ramos,0,10 km,1
554,554,554,tren,60,5/11/2024,18,46,1,Ciudad B,autobus,Periferico,1,50 km,0
555,555,555,autobus,30,1/4/2024,15,40,0,Ciudad A,bicicleta,Express,1,10 km,1
556,556,556,bicicleta,120,11/6/2024,18,37,1,Ciudad C,tren,Periferico,0,20 km,2
557,557,557,autobus,30,2/29/2024,15,56,1,Ciudad A,bicicleta,17,1,20 km,0
558,558,558,bicicleta,30,7/15/2024,8,70,1,Ciudad A,tren,17,0,50 km,0
559,559,559,bicicleta,80,8/23/2024,18,55,0,Ciudad C,bicicleta,Express,0,30 km,0
560,560,560,bicicleta,40,1/27/2024,15,60,1,Ciudad B,autobus,Express,1,10 km,0
561,561,561,autobus,40,8/16/2024,15,37,0,Ciudad B,autobus,Ramos,2,10 km,1
562,562,562,bicicleta,30,11/10/2024,15,66,1,Ciudad A,tren,2B San Angel,2,10 km,0
563,563,563,bicicleta,30,6/13/2024,18,44,0,Ciudad C,autobus,Express,1,40 km,0
564,564,564,tren,80,5/14/2024,8,26,1,Ciudad B,tren,Ramos,2,20 km,1
565,565,565,autobus,120,4/9/2024,18,48,0,Ciudad C,tren,Ramos,1,10 km,2
566,566,566,bicicleta,80,1/14/2024,18,48,0,Ciudad A,tren,17,2,40 km,0
567,567,567,autobus,80,7/2/2024,15,57,1,Ciudad C,autobus,Ramos,2,30 km,0
568,568,568,autobus,80,2/1/2024,15,27,0,Ciudad A,bicicleta,Periferico,0,20 km,1
569,569,569,tren,120,9/13/2024,0,23,0,Ciudad B,autobus,2B San Angel,2,20 km,2
570,570,570,bicicleta,120,10/18/2024,15,35,1,Ciudad C,tren,17,1,30 km,2
571,571,571,bicicleta,60,8/4/2024,0,24,1,Ciudad B,bicicleta,Periferico,0,20 km,1
572,572,572,bicicleta,30,10/13/2024,18,40,1,Ciudad A,autobus,17,1,20 km,0
573,573,573,autobus,40,4/17/2024,0,24,0,Ciudad A,tren,Ramos,2,10 km,1
574,574,574,bicicleta,120,9/21/2024,0,31,0,Ciudad C,bicicleta,Express,2,10 km,2
575,575,575,tren,30,6/12/2024,0,21,0,Ciudad C,bicicleta,Express,2,10 km,1
576,576,576,bicicleta,60,9/28/2024,0,22,0,Ciudad B,bicicleta,2B San Angel,1,10 km,1
577,577,577,autobus,80,10/5/2024,0,69,0,Ciudad C,bicicleta,Periferico,1,10 km,0
578,578,578,tren,40,2/11/2024,8,44,1,Ciudad A,bicicleta,17,2,30 km,0
579,579,579,bicicleta,120,10/22/2024,8,33,1,Ciudad C,tren,Ramos,2,50 km,2
580,580,580,bicicleta,30,8/21/2024,0,64,1,Ciudad B,tren,17,1,20 km,0
581,581,581,tren,60,10/24/2024,0,49,0,Ciudad B,tren,Ramos,0,40 km,1
582,582,582,tren,30,6/28/2024,0,27,1,Ciudad B,tren,Periferico,0,50 km,1
583,583,583,bicicleta,80,5/29/2024,18,43,0,Ciudad C,autobus,Express,1,40 km,0
584,584,584,autobus,120,6/14/2024,15,56,0,Ciudad C,bicicleta,Express,0,40 km,2
585,585,585,tren,30,4/29/2024,18,22,0,Ciudad B,autobus,Express,2,40 km,1
586,586,586,autobus,60,5/2/2024,0,33,0,Ciudad A,tren,17,0,50 km,1
587,587,587,tren,40,5/29/2024,18,25,1,Ciudad C,bicicleta,Ramos,1,50 km,1
588,588,588,bicicleta,30,6/23/2024,15,32,1,Ciudad B,tren,Periferico,1,30 km,1
589,589,589,bicicleta,80,1/3/2024,8,51,1,Ciudad B,bicicleta,17,1,30 km,0
590,590,590,bicicleta,30,9/7/2024,8,42,1,Ciudad C,autobus,Ramos,0,40 km,1
591,591,591,autobus,30,2/24/2024,15,56,1,Ciudad C,autobus,Periferico,1,30 km,0
592,592,592,autobus,120,4/27/2024,8,31,0,Ciudad B,bicicleta,2B San Angel,0,40 km,2
593,593,593,bicicleta,120,5/19/2024,0,53,0,Ciudad B,tren,Periferico,1,10 km,2
594,594,594,autobus,30,5/23/2024,0,34,0,Ciudad B,autobus,Periferico,2,20 km,1
595,595,595,bicicleta,120,5/14/2024,18,66,1,Ciudad B,tren,17,2,50 km,2
596,596,596,bicicleta,80,9/16/2024,0,70,1,Ciudad B,bicicleta,Periferico,1,50 km,0
597,597,597,autobus,80,4/23/2024,0,19,0,Ciudad C,tren,Periferico,1,10 km,1
598,598,598,tren,120,6/29/2024,8,31,0,Ciudad A,tren,Periferico,2,20 km,2
599,599,599,autobus,40,9/16/2024,8,63,1,Ciudad B,autobus,Express,1,50 km,0
600,600,600,tren,40,3/7/2024,15,23,1,Ciudad C,tren,2B San Angel,0,10 km,1
601,601,601,autobus,120,3/2/2024,15,68,1,Ciudad B,tren,17,2,30 km,2
602,602,602,bicicleta,40,4/19/2024,15,67,0,Ciudad A,autobus,Express,0,50 km,0
603,603,603,autobus,60,8/20/2024,15,49,1,Ciudad C,bicicleta,Ramos,2,20 km,0
604,604,604,tren,30,4/24/2024,15,58,1,Ciudad A,tren,17,1,40 km,0
605,605,605,tren,30,1/16/2024,8,37,0,Ciudad C,tren,Express,0,10 km,1
606,606,606,tren,40,6/2/2024,18,62,1,Ciudad C,autobus,17,2,40 km,0
607,607,607,autobus,40,9/22/2024,8,66,1,Ciudad C,bicicleta,Ramos,1,20 km,0
608,608,608,bicicleta,40,5/10/2024,8,69,0,Ciudad A,bicicleta,17,2,40 km,0
609,609,609,tren,60,11/13/2024,15,37,0,Ciudad A,autobus,17,0,40 km,1
610,610,610,autobus,40,4/13/2024,18,38,1,Ciudad A,autobus,Periferico,1,30 km,1
611,611,611,bicicleta,80,4/27/2024,8,55,1,Ciudad C,bicicleta,Express,0,20 km,0
612,612,612,tren,30,4/29/2024,8,23,1,Ciudad A,tren,Ramos,1,10 km,1
613,613,613,bicicleta,30,4/16/2024,15,30,0,Ciudad A,bicicleta,Express,2,40 km,1
614,614,614,bicicleta,60,8/11/2024,15,24,0,Ciudad C,tren,Express,0,50 km,1
615,615,615,autobus,40,3/22/2024,18,59,1,Ciudad C,autobus,Ramos,1,40 km,0
616,616,616,bicicleta,120,1/24/2024,18,34,1,Ciudad B,tren,Periferico,2,40 km,2
617,617,617,autobus,30,2/6/2024,8,53,1,Ciudad B,tren,17,1,50 km,0
618,618,618,bicicleta,120,4/25/2024,8,29,0,Ciudad A,autobus,Express,2,20 km,2
619,619,619,autobus,40,10/9/2024,15,57,1,Ciudad A,bicicleta,2B San Angel,1,20 km,0
620,620,620,tren,40,6/13/2024,8,43,0,Ciudad B,autobus,Express,0,50 km,1
621,621,621,tren,40,7/22/2024,8,50,0,Ciudad A,bicicleta,2B San Angel,2,20 km,0
622,622,622,tren,40,5/12/2024,15,32,0,Ciudad A,autobus,Express,1,50 km,1
623,623,623,autobus,30,2/22/2024,15,45,0,Ciudad C,autobus,Periferico,1,10 km,0
624,624,624,tren,60,4/12/2024,18,42,0,Ciudad B,bicicleta,Ramos,1,50 km,0
625,625,625,autobus,120,7/14/2024,18,59,1,Ciudad C,bicicleta,Periferico,0,10 km,2
626,626,626,autobus,120,2/7/2024,0,58,1,Ciudad B,bicicleta,Periferico,2,40 km,2
627,627,627,autobus,80,11/3/2024,18,43,0,Ciudad A,tren,Express,2,10 km,0
628,628,628,bicicleta,30,10/24/2024,0,29,1,Ciudad B,bicicleta,Ramos,1,20 km,1
629,629,629,tren,30,2/3/2024,18,24,0,Ciudad A,tren,Ramos,1,40 km,1
630,630,630,autobus,30,1/5/2024,15,35,0,Ciudad B,autobus,Express,1,30 km,1
631,631,631,bicicleta,40,6/19/2024,15,59,1,Ciudad C,bicicleta,Express,2,40 km,0
632,632,632,autobus,120,5/2/2024,0,30,0,Ciudad A,tren,Ramos,1,50 km,2
633,633,633,tren,80,4/19/2024,8,26,1,Ciudad A,autobus,Periferico,1,10 km,1
634,634,634,tren,80,4/24/2024,0,49,1,Ciudad C,tren,Periferico,0,40 km,1
635,635,635,bicicleta,120,7/25/2024,8,33,0,Ciudad A,autobus,Periferico,1,10 km,2
636,636,636,autobus,120,7/31/2024,18,26,1,Ciudad C,tren,2B San Angel,0,40 km,2
637,637,637,autobus,40,9/4/2024,0,60,1,Ciudad C,tren,Periferico,1,30 km,0
638,638,638,autobus,60,9/4/2024,8,53,1,Ciudad A,autobus,17,1,10 km,0
639,639,639,bicicleta,80,3/21/2024,18,67,1,Ciudad A,autobus,Express,2,50 km,0
640,640,640,bicicleta,120,4/10/2024,18,53,0,Ciudad A,tren,Express,2,10 km,2
641,641,641,autobus,30,8/30/2024,18,47,0,Ciudad A,bicicleta,Periferico,0,30 km,0
642,642,642,bicicleta,120,9/27/2024,15,54,0,Ciudad B,bicicleta,Ramos,0,20 km,2
643,643,643,tren,40,6/19/2024,15,32,1,Ciudad C,bicicleta,2B San Angel,0,30 km,1
644,644,644,tren,40,5/17/2024,8,22,1,Ciudad C,bicicleta,Express,1,20 km,1
645,645,645,bicicleta,60,4/2/2024,15,62,0,Ciudad B,tren,Ramos,1,50 km,0
646,646,646,autobus,30,7/4/2024,8,63,1,Ciudad B,tren,Express,0,40 km,0
647,647,647,tren,80,2/8/2024,0,49,0,Ciudad B,bicicleta,17,1,10 km,2
648,648,648,bicicleta,30,7/9/2024,0,43,1,Ciudad B,autobus,2B San Angel,2,20 km,1
649,649,649,autobus,80,3/31/2024,8,62,1,Ciudad B,bicicleta,Express,2,10 km,0
650,650,650,tren,80,10/24/2024,8,42,1,Ciudad A,tren,Express,2,40 km,2
651,651,651,tren,40,3/11/2024,15,41,0,Ciudad A,bicicleta,Periferico,1,40 km,1
652,652,652,tren,120,5/29/2024,8,62,1,Ciudad C,bicicleta,Periferico,0,10 km,2
653,653,653,bicicleta,60,1/15/2024,8,37,0,Ciudad B,bicicleta,17,1,50 km,1
654,654,654,tren,30,6/17/2024,8,64,1,Ciudad B,autobus,2B San Angel,1,20 km,0
655,655,655,bicicleta,120,4/29/2024,18,67,1,Ciudad C,autobus,Express,2,20 km,2
656,656,656,tren,80,3/12/2024,8,69,0,Ciudad C,autobus,2B San Angel,1,20 km,0
657,657,657,autobus,120,11/3/2024,15,21,1,Ciudad B,tren,Express,0,20 km,2
658,658,658,tren,40,10/15/2024,15,43,0,Ciudad B,bicicleta,Express,2,30 km,0
659,659,659,bicicleta,30,9/8/2024,15,21,0,Ciudad B,bicicleta,Periferico,1,40 km,1
660,660,660,autobus,40,10/2/2024,0,21,0,Ciudad A,autobus,Express,2,50 km,1
661,661,661,bicicleta,30,2/25/2024,18,36,1,Ciudad A,tren,Periferico,1,40 km,1
662,662,662,autobus,60,9/26/2024,15,64,0,Ciudad C,autobus,2B San Angel,2,30 km,0
663,663,663,autobus,30,4/1/2024,15,62,1,Ciudad B,tren,Ramos,2,10 km,0
664,664,664,tren,60,10/3/2024,15,69,1,Ciudad B,bicicleta,2B San Angel,0,50 km,0
665,665,665,bicicleta,80,5/2/2024,15,46,1,Ciudad B,tren,17,0,40 km,0
666,666,666,autobus,30,2/1/2024,8,62,1,Ciudad B,tren,Express,2,10 km,0
667,667,667,autobus,120,2/24/2024,15,60,0,Ciudad A,bicicleta,17,2,50 km,2
668,668,668,autobus,40,6/14/2024,18,21,0,Ciudad C,bicicleta,2B San Angel,1,50 km,1
669,669,669,tren,30,5/10/2024,0,30,1,Ciudad C,tren,2B San Angel,0,50 km,1
670,670,670,autobus,80,6/11/2024,0,65,0,Ciudad C,tren,Ramos,1,10 km,0
671,671,671,autobus,30,11/16/2024,18,29,0,Ciudad A,bicicleta,Ramos,0,20 km,1
672,672,672,bicicleta,80,4/4/2024,8,28,1,Ciudad B,autobus,Express,2,20 km,1
673,673,673,bicicleta,60,1/1/2024,18,24,1,Ciudad C,tren,Ramos,2,30 km,1
674,674,674,autobus,60,4/19/2024,18,51,1,Ciudad B,autobus,Ramos,2,50 km,0
675,675,675,tren,30,2/5/2024,8,48,1,Ciudad A,tren,Ramos,2,50 km,0
676,676,676,autobus,80,8/26/2024,0,54,1,Ciudad B,autobus,17,1,10 km,2
677,677,677,tren,40,8/15/2024,0,70,1,Ciudad C,tren,Express,1,20 km,0
678,678,678,tren,30,2/3/2024,8,66,0,Ciudad B,autobus,Periferico,1,30 km,0
679,679,679,bicicleta,30,5/22/2024,18,65,1,Ciudad B,tren,Periferico,1,30 km,0
680,680,680,tren,120,10/16/2024,0,43,0,Ciudad A,tren,17,1,40 km,2
681,681,681,bicicleta,80,3/22/2024,0,18,0,Ciudad C,tren,17,1,50 km,1
682,682,682,tren,80,6/21/2024,8,40,0,Ciudad B,bicicleta,17,0,40 km,1
683,683,683,bicicleta,80,5/29/2024,15,61,1,Ciudad A,tren,2B San Angel,2,40 km,0
684,684,684,autobus,40,1/28/2024,0,65,0,Ciudad A,autobus,17,1,20 km,0
685,685,685,autobus,80,8/28/2024,18,67,1,Ciudad C,bicicleta,Ramos,0,20 km,0
686,686,686,tren,30,2/25/2024,15,34,0,Ciudad C,autobus,17,1,50 km,1
687,687,687,autobus,120,9/21/2024,18,22,0,Ciudad B,tren,Periferico,0,20 km,2
688,688,688,autobus,80,4/8/2024,0,44,0,Ciudad B,tren,17,0,20 km,1
689,689,689,bicicleta,30,6/14/2024,18,30,0,Ciudad C,autobus,Express,1,50 km,1
690,690,690,tren,120,10/22/2024,15,45,0,Ciudad B,autobus,Periferico,2,30 km,2
691,691,691,autobus,40,6/24/2024,8,39,0,Ciudad C,bicicleta,2B San Angel,0,50 km,1
692,692,692,tren,40,6/10/2024,0,44,1,Ciudad B,autobus,Express,0,20 km,1
693,693,693,tren,40,1/2/2024,0,45,0,Ciudad A,bicicleta,Express,2,10 km,1
694,694,694,tren,40,4/6/2024,18,32,1,Ciudad A,autobus,17,0,10 km,1
695,695,695,autobus,80,3/5/2024,8,64,0,Ciudad A,tren,Ramos,0,20 km,0
696,696,696,autobus,80,6/18/2024,8,42,1,Ciudad B,tren,2B San Angel,2,40 km,2
697,697,697,tren,120,4/17/2024,8,31,1,Ciudad B,bicicleta,2B San Angel,2,20 km,2
698,698,698,tren,80,8/23/2024,18,34,1,Ciudad C,bicicleta,2B San Angel,2,10 km,2
699,699,699,autobus,30,3/16/2024,18,70,1,Ciudad A,tren,2B San Angel,1,10 km,0
700,700,700,bicicleta,30,9/23/2024,0,44,0,Ciudad B,bicicleta,Ramos,0,20 km,1
701,701,701,bicicleta,80,7/29/2024,8,37,1,Ciudad A,bicicleta,Ramos,0,30 km,1
702,702,702,autobus,30,9/8/2024,18,23,0,Ciudad A,bicicleta,17,2,40 km,1
703,703,703,tren,80,3/4/2024,18,39,1,Ciudad B,autobus,Ramos,0,10 km,1
704,704,704,bicicleta,30,7/23/2024,8,65,0,Ciudad C,autobus,Periferico,1,10 km,0
705,705,705,bicicleta,30,3/26/2024,15,28,1,Ciudad A,bicicleta,17,2,30 km,1
706,706,706,tren,80,4/22/2024,0,39,1,Ciudad C,tren,17,0,20 km,1
707,707,707,tren,120,7/11/2024,18,60,1,Ciudad A,bicicleta,2B San Angel,0,40 km,2
708,708,708,bicicleta,60,2/25/2024,0,64,0,Ciudad A,autobus,Periferico,1,30 km,0
709,709,709,autobus,40,7/2/2024,0,35,0,Ciudad B,autobus,17,0,30 km,1
710,710,710,autobus,40,10/13/2024,15,27,1,Ciudad C,autobus,Periferico,1,40 km,1
711,711,711,tren,40,5/16/2024,8,45,0,Ciudad A,bicicleta,Express,1,50 km,1
712,712,712,tren,120,9/15/2024,8,47,1,Ciudad A,bicicleta,Ramos,2,40 km,2
713,713,713,bicicleta,40,2/4/2024,15,64,0,Ciudad A,autobus,2B San Angel,2,50 km,0
714,714,714,bicicleta,30,3/17/2024,18,69,1,Ciudad A,autobus,Express,1,40 km,0
715,715,715,bicicleta,120,4/6/2024,15,33,0,Ciudad C,tren,Ramos,0,40 km,2
716,716,716,tren,120,10/25/2024,18,53,0,Ciudad B,autobus,Ramos,1,40 km,2
717,717,717,autobus,120,1/31/2024,15,63,1,Ciudad A,bicicleta,Periferico,2,40 km,2
718,718,718,tren,120,2/26/2024,15,58,0,Ciudad B,tren,17,2,10 km,2
719,719,719,bicicleta,80,2/28/2024,18,26,0,Ciudad B,bicicleta,Periferico,0,40 km,1
720,720,720,tren,30,9/19/2024,15,30,1,Ciudad A,autobus,Express,1,10 km,1
721,721,721,tren,30,7/20/2024,0,25,1,Ciudad C,tren,Periferico,2,50 km,1
722,722,722,bicicleta,80,6/1/2024,15,54,0,Ciudad B,bicicleta,Periferico,1,40 km,0
723,723,723,tren,120,4/26/2024,18,37,1,Ciudad A,bicicleta,Periferico,0,30 km,2
724,724,724,autobus,60,7/25/2024,18,61,1,Ciudad B,autobus,17,1,30 km,0
725,725,725,autobus,120,11/19/2024,8,56,1,Ciudad C,autobus,Periferico,2,10 km,2
726,726,726,tren,60,10/14/2024,0,32,0,Ciudad A,bicicleta,2B San Angel,2,20 km,1
727,727,727,tren,40,4/19/2024,8,36,0,Ciudad A,tren,2B San Angel,0,10 km,1
728,728,728,tren,120,3/23/2024,8,23,1,Ciudad A,tren,Express,2,10 km,2
729,729,729,autobus,40,10/8/2024,18,51,1,Ciudad B,bicicleta,2B San Angel,0,40 km,0
730,730,730,tren,80,8/22/2024,0,29,1,Ciudad A,bicicleta,Periferico,2,10 km,1
731,731,731,tren,120,8/26/2024,18,47,0,Ciudad B,bicicleta,2B San Angel,2,30 km,2
732,732,732,bicicleta,40,11/6/2024,8,20,1,Ciudad C,autobus,Express,1,40 km,1
733,733,733,tren,40,10/4/2024,18,21,0,Ciudad B,tren,Periferico,2,10 km,1
734,734,734,tren,60,8/6/2024,18,55,0,Ciudad A,tren,Express,2,50 km,0
735,735,735,autobus,80,11/6/2024,0,35,0,Ciudad B,tren,2B San Angel,0,50 km,1
736,736,736,bicicleta,60,10/31/2024,18,23,1,Ciudad A,bicicleta,2B San Angel,0,10 km,1
737,737,737,tren,80,7/25/2024,0,23,0,Ciudad B,autobus,17,1,50 km,1
738,738,738,tren,30,5/11/2024,0,52,0,Ciudad B,autobus,Express,0,40 km,1
739,739,739,bicicleta,120,8/16/2024,0,46,0,Ciudad A,autobus,2B San Angel,2,40 km,2
740,740,740,autobus,40,5/27/2024,0,68,0,Ciudad C,bicicleta,Periferico,2,20 km,0
741,741,741,autobus,30,6/18/2024,18,40,0,Ciudad B,bicicleta,2B San Angel,0,40 km,1
742,742,742,bicicleta,120,2/25/2024,18,19,1,Ciudad C,bicicleta,17,2,40 km,2
743,743,743,bicicleta,30,10/14/2024,15,56,1,Ciudad C,tren,Express,2,50 km,0
744,744,744,bicicleta,80,6/12/2024,15,45,1,Ciudad B,autobus,Express,0,50 km,0
745,745,745,bicicleta,30,11/16/2024,8,40,0,Ciudad C,autobus,2B San Angel,1,40 km,1
746,746,746,autobus,80,3/31/2024,8,37,0,Ciudad A,bicicleta,Periferico,2,20 km,2
747,747,747,autobus,30,7/3/2024,8,23,1,Ciudad A,autobus,Periferico,1,20 km,1
748,748,748,bicicleta,30,7/5/2024,8,23,1,Ciudad A,tren,Periferico,2,20 km,1
749,749,749,bicicleta,120,8/19/2024,8,69,0,Ciudad A,bicicleta,2B San Angel,1,30 km,2
750,750,750,tren,30,4/11/2024,15,43,1,Ciudad B,autobus,Ramos,0,30 km,1
751,751,751,tren,40,6/7/2024,0,27,0,Ciudad C,autobus,2B San Angel,0,10 km,1
752,752,752,bicicleta,120,10/25/2024,18,63,0,Ciudad C,tren,Express,1,30 km,2
753,753,753,tren,30,10/30/2024,8,38,0,Ciudad C,tren,17,0,20 km,1
754,754,754,bicicleta,80,3/19/2024,8,49,1,Ciudad B,tren,17,0,30 km,2
755,755,755,autobus,80,7/5/2024,8,70,0,Ciudad B,bicicleta,Ramos,0,10 km,0
756,756,756,bicicleta,120,11/4/2024,15,38,0,Ciudad B,bicicleta,Ramos,1,40 km,2
757,757,757,bicicleta,120,6/15/2024,15,39,1,Ciudad B,tren,Periferico,1,20 km,2
758,758,758,bicicleta,120,1/30/2024,15,26,1,Ciudad A,bicicleta,17,1,40 km,2
759,759,759,tren,80,9/23/2024,15,59,1,Ciudad B,bicicleta,17,2,50 km,0
760,760,760,bicicleta,30,1/14/2024,0,65,1,Ciudad C,bicicleta,Express,1,10 km,0
761,761,761,autobus,120,1/12/2024,15,67,1,Ciudad A,bicicleta,17,1,10 km,2
762,762,762,autobus,40,2/13/2024,18,68,1,Ciudad C,bicicleta,Ramos,0,30 km,0
763,763,763,autobus,80,3/29/2024,15,68,1,Ciudad B,bicicleta,Periferico,2,20 km,0
764,764,764,bicicleta,40,8/16/2024,18,44,0,Ciudad A,tren,17,1,50 km,0
765,765,765,tren,30,4/10/2024,18,58,1,Ciudad C,autobus,Periferico,1,30 km,0
766,766,766,tren,120,5/2/2024,18,38,0,Ciudad A,autobus,Periferico,0,50 km,2
767,767,767,tren,120,8/10/2024,0,36,0,Ciudad B,autobus,Ramos,1,20 km,2
768,768,768,bicicleta,40,2/26/2024,0,56,1,Ciudad B,tren,17,0,20 km,0
769,769,769,tren,80,2/3/2024,15,57,0,Ciudad B,autobus,Express,2,40 km,0
770,770,770,bicicleta,40,9/12/2024,15,63,0,Ciudad C,tren,2B San Angel,1,10 km,0
771,771,771,bicicleta,40,6/14/2024,0,65,1,Ciudad B,autobus,Ramos,1,20 km,0
772,772,772,tren,80,2/4/2024,15,57,0,Ciudad B,bicicleta,Express,0,10 km,0
773,773,773,bicicleta,60,8/26/2024,0,25,0,Ciudad A,tren,Express,2,20 km,1
774,774,774,bicicleta,40,7/12/2024,18,21,1,Ciudad C,autobus,Ramos,0,40 km,1
775,775,775,tren,60,1/4/2024,8,25,1,Ciudad C,bicicleta,Express,2,10 km,1
776,776,776,bicicleta,40,10/25/2024,15,39,1,Ciudad A,bicicleta,17,2,10 km,0
777,777,777,autobus,80,3/26/2024,8,43,1,Ciudad A,tren,17,2,50 km,2
778,778,778,tren,60,9/30/2024,18,21,1,Ciudad B,autobus,17,0,50 km,1
779,779,779,autobus,40,1/18/2024,18,30,1,Ciudad B,bicicleta,Periferico,0,10 km,1
780,780,780,autobus,60,2/27/2024,0,18,1,Ciudad A,autobus,2B San Angel,0,10 km,1
781,781,781,bicicleta,120,5/20/2024,15,45,1,Ciudad A,bicicleta,17,2,10 km,2
782,782,782,bicicleta,120,1/24/2024,8,41,0,Ciudad A,tren,Periferico,2,40 km,2
783,783,783,autobus,120,9/4/2024,0,35,0,Ciudad C,tren,Periferico,2,10 km,2
784,784,784,autobus,40,8/16/2024,8,64,0,Ciudad A,autobus,17,0,40 km,0
785,785,785,bicicleta,40,8/21/2024,18,50,0,Ciudad A,autobus,2B San Angel,2,10 km,0
786,786,786,tren,40,10/15/2024,15,69,0,Ciudad C,bicicleta,Ramos,2,30 km,0
787,787,787,autobus,30,9/6/2024,0,18,0,Ciudad C,bicicleta,17,1,20 km,1
788,788,788,bicicleta,120,2/20/2024,8,39,0,Ciudad A,tren,Ramos,0,30 km,2
789,789,789,autobus,120,10/8/2024,8,28,0,Ciudad C,autobus,Ramos,1,10 km,2
790,790,790,tren,120,4/8/2024,8,45,1,Ciudad C,tren,17,1,40 km,2
791,791,791,bicicleta,30,6/21/2024,8,56,0,Ciudad B,bicicleta,2B San Angel,2,30 km,0
792,792,792,autobus,120,3/19/2024,18,53,1,Ciudad B,tren,Express,1,50 km,2
793,793,793,autobus,60,3/30/2024,18,66,1,Ciudad A,autobus,Ramos,2,40 km,0
794,794,794,bicicleta,60,2/12/2024,15,35,1,Ciudad A,autobus,2B San Angel,0,50 km,1
795,795,795,bicicleta,120,1/20/2024,8,37,1,Ciudad B,autobus,Ramos,1,10 km,2
796,796,796,bicicleta,80,7/12/2024,8,23,0,Ciudad C,tren,Periferico,2,40 km,1
797,797,797,tren,120,10/24/2024,15,63,1,Ciudad C,bicicleta,2B San Angel,1,50 km,2
798,798,798,tren,120,4/16/2024,0,63,1,Ciudad C,tren,17,1,50 km,2
799,799,799,autobus,120,2/19/2024,15,32,1,Ciudad A,bicicleta,17,0,20 km,2
800,800,800,autobus,120,4/25/2024,8,28,0,Ciudad A,tren,Ramos,2,50 km,2
801,801,801,autobus,40,2/15/2024,18,27,1,Ciudad B,bicicleta,17,0,50 km,1
802,802,802,autobus,40,3/2/2024,8,54,1,Ciudad A,bicicleta,Periferico,0,20 km,0
803,803,803,bicicleta,60,5/20/2024,18,51,0,Ciudad A,bicicleta,Periferico,0,10 km,0
804,804,804,autobus,40,5/28/2024,15,25,1,Ciudad B,tren,2B San Angel,2,20 km,1
805,805,805,tren,120,3/2/2024,8,68,0,Ciudad C,autobus,2B San Angel,0,30 km,2
806,806,806,bicicleta,60,6/24/2024,15,57,0,Ciudad C,bicicleta,Periferico,2,10 km,0
807,807,807,tren,30,6/17/2024,0,51,1,Ciudad A,autobus,17,2,30 km,0
808,808,808,tren,80,9/10/2024,8,42,1,Ciudad B,autobus,Express,0,20 km,1
809,809,809,tren,30,9/15/2024,18,52,0,Ciudad B,autobus,Ramos,0,30 km,0
810,810,810,tren,80,10/5/2024,0,55,1,Ciudad B,tren,17,0,30 km,2
811,811,811,tren,30,8/13/2024,18,57,1,Ciudad A,autobus,2B San Angel,2,50 km,0
812,812,812,bicicleta,80,9/5/2024,18,70,0,Ciudad C,autobus,Express,1,10 km,0
813,813,813,autobus,40,2/24/2024,15,69,1,Ciudad B,bicicleta,2B San Angel,0,50 km,0
814,814,814,tren,120,3/27/2024,0,36,0,Ciudad B,autobus,17,1,50 km,2
815,815,815,bicicleta,60,11/2/2024,0,38,0,Ciudad C,bicicleta,17,1,40 km,1
816,816,816,tren,80,9/2/2024,8,49,0,Ciudad A,bicicleta,Express,2,20 km,0
817,817,817,tren,30,6/20/2024,18,56,1,Ciudad A,autobus,Express,0,20 km,0
818,818,818,bicicleta,80,11/10/2024,0,60,0,Ciudad B,bicicleta,Ramos,0,10 km,0
819,819,819,autobus,60,1/13/2024,15,67,0,Ciudad A,bicicleta,Ramos,0,30 km,0
820,820,820,tren,120,6/17/2024,15,29,1,Ciudad B,bicicleta,Periferico,0,40 km,2
821,821,821,bicicleta,60,4/30/2024,8,22,1,Ciudad B,bicicleta,17,1,50 km,1
822,822,822,bicicleta,40,1/8/2024,8,18,0,Ciudad C,bicicleta,Ramos,0,40 km,1
823,823,823,tren,30,2/4/2024,15,67,1,Ciudad C,autobus,Ramos,0,50 km,0
824,824,824,bicicleta,120,3/4/2024,0,42,1,Ciudad B,tren,Periferico,2,40 km,2
825,825,825,tren,80,7/6/2024,15,35,0,Ciudad A,autobus,Express,0,20 km,1
826,826,826,autobus,40,7/18/2024,8,55,1,Ciudad B,tren,Periferico,1,20 km,0
827,827,827,autobus,120,11/11/2024,0,44,0,Ciudad A,tren,Periferico,1,10 km,2
828,828,828,bicicleta,80,9/1/2024,18,42,0,Ciudad C,autobus,Ramos,1,50 km,0
829,829,829,tren,60,7/30/2024,15,36,1,Ciudad A,bicicleta,Periferico,0,40 km,1
830,830,830,bicicleta,60,2/10/2024,18,55,1,Ciudad B,bicicleta,Express,2,40 km,0
831,831,831,autobus,30,7/2/2024,0,37,1,Ciudad C,tren,2B San Angel,2,20 km,1
832,832,832,bicicleta,30,9/6/2024,0,44,0,Ciudad C,tren,2B San Angel,2,30 km,1
833,833,833,autobus,120,6/12/2024,15,44,1,Ciudad B,tren,2B San Angel,2,40 km,2
834,834,834,autobus,120,6/29/2024,8,44,1,Ciudad C,bicicleta,Periferico,0,40 km,2
835,835,835,tren,40,5/23/2024,0,39,1,Ciudad B,tren,Ramos,0,50 km,1
836,836,836,autobus,120,7/20/2024,18,62,1,Ciudad A,bicicleta,Ramos,0,20 km,2
837,837,837,autobus,60,11/9/2024,15,27,0,Ciudad C,tren,2B San Angel,1,50 km,1
838,838,838,tren,80,8/1/2024,18,63,1,Ciudad B,bicicleta,17,2,20 km,0
839,839,839,bicicleta,60,8/21/2024,0,39,0,Ciudad C,tren,17,1,40 km,1
840,840,840,tren,40,11/15/2024,18,36,0,Ciudad B,bicicleta,Periferico,1,10 km,1
841,841,841,tren,30,7/16/2024,15,40,1,Ciudad C,bicicleta,2B San Angel,0,10 km,1
842,842,842,autobus,40,3/17/2024,15,33,1,Ciudad A,bicicleta,17,2,30 km,1
843,843,843,tren,60,4/24/2024,18,32,0,Ciudad A,autobus,Ramos,0,20 km,1
844,844,844,tren,30,8/21/2024,8,63,0,Ciudad B,bicicleta,17,2,20 km,0
845,845,845,autobus,40,3/25/2024,15,40,1,Ciudad C,tren,2B San Angel,1,40 km,1
846,846,846,tren,120,1/19/2024,15,32,1,Ciudad A,bicicleta,2B San Angel,0,10 km,2
847,847,847,tren,80,5/3/2024,18,54,0,Ciudad B,autobus,Express,0,50 km,0
848,848,848,tren,120,7/9/2024,18,62,0,Ciudad B,autobus,17,0,50 km,2
849,849,849,autobus,120,11/21/2024,0,28,1,Ciudad A,bicicleta,17,2,40 km,2
850,850,850,bicicleta,40,1/17/2024,18,30,1,Ciudad B,tren,Ramos,0,30 km,1
851,851,851,tren,30,1/23/2024,8,40,0,Ciudad C,autobus,Express,1,40 km,1
852,852,852,tren,40,9/20/2024,0,19,0,Ciudad C,bicicleta,2B San Angel,2,50 km,1
853,853,853,bicicleta,30,8/25/2024,15,57,1,Ciudad A,tren,Express,0,20 km,0
854,854,854,bicicleta,60,3/16/2024,15,58,1,Ciudad A,autobus,Express,1,10 km,0
855,855,855,autobus,60,9/3/2024,15,23,0,Ciudad A,autobus,Periferico,2,40 km,1
856,856,856,bicicleta,60,5/18/2024,15,22,1,Ciudad A,autobus,17,1,10 km,1
857,857,857,tren,30,5/3/2024,0,20,1,Ciudad C,tren,17,0,30 km,1
858,858,858,bicicleta,60,6/12/2024,15,69,1,Ciudad C,bicicleta,Express,0,40 km,0
859,859,859,autobus,80,9/22/2024,15,27,0,Ciudad A,bicicleta,Express,1,30 km,1
860,860,860,bicicleta,40,2/2/2024,15,43,1,Ciudad B,tren,Periferico,1,20 km,0
861,861,861,autobus,120,5/7/2024,18,24,1,Ciudad B,tren,Periferico,0,10 km,2
862,862,862,bicicleta,80,9/20/2024,18,51,0,Ciudad C,bicicleta,Periferico,0,20 km,0
863,863,863,bicicleta,120,1/20/2024,15,21,1,Ciudad A,bicicleta,2B San Angel,0,30 km,2
864,864,864,autobus,60,7/6/2024,15,52,1,Ciudad A,tren,Periferico,0,50 km,0
865,865,865,autobus,30,9/15/2024,18,45,1,Ciudad A,bicicleta,17,1,10 km,0
866,866,866,bicicleta,120,10/19/2024,8,67,0,Ciudad C,bicicleta,17,0,10 km,2
867,867,867,autobus,30,1/31/2024,8,38,1,Ciudad A,tren,17,0,50 km,1
868,868,868,autobus,30,4/21/2024,8,28,0,Ciudad A,tren,17,1,30 km,1
869,869,869,autobus,120,4/5/2024,15,48,1,Ciudad B,bicicleta,2B San Angel,2,20 km,2
870,870,870,autobus,30,10/14/2024,18,70,0,Ciudad C,bicicleta,Periferico,2,10 km,0
871,871,871,tren,80,9/29/2024,8,53,1,Ciudad C,bicicleta,Periferico,0,50 km,0
872,872,872,bicicleta,120,9/30/2024,0,36,0,Ciudad A,autobus,Express,2,50 km,2
873,873,873,autobus,80,11/18/2024,15,62,1,Ciudad B,autobus,17,2,30 km,0
874,874,874,bicicleta,30,8/30/2024,0,28,0,Ciudad A,autobus,17,2,40 km,1
875,875,875,tren,80,9/26/2024,0,70,0,Ciudad B,tren,Express,1,20 km,0
876,876,876,bicicleta,40,10/10/2024,15,37,0,Ciudad B,tren,17,2,50 km,1
877,877,877,bicicleta,60,9/27/2024,8,28,0,Ciudad A,autobus,17,0,50 km,1
878,878,878,bicicleta,60,11/17/2024,8,60,1,Ciudad A,bicicleta,Express,0,30 km,0
879,879,879,autobus,120,1/19/2024,8,30,0,Ciudad C,tren,Periferico,2,20 km,2
880,880,880,bicicleta,40,10/30/2024,0,65,1,Ciudad A,bicicleta,Periferico,0,40 km,0
881,881,881,autobus,30,2/26/2024,18,55,1,Ciudad A,autobus,Periferico,1,10 km,0
882,882,882,autobus,120,10/11/2024,0,58,1,Ciudad C,tren,Ramos,1,40 km,2
883,883,883,autobus,30,7/29/2024,0,64,1,Ciudad B,tren,Periferico,2,50 km,0
884,884,884,tren,80,8/14/2024,8,61,0,Ciudad B,bicicleta,2B San Angel,2,10 km,0
885,885,885,autobus,40,2/4/2024,0,31,1,Ciudad C,autobus,Periferico,1,20 km,1
886,886,886,bicicleta,120,11/8/2024,0,20,0,Ciudad C,bicicleta,Express,0,40 km,2
887,887,887,autobus,60,1/23/2024,8,20,1,Ciudad C,autobus,17,1,10 km,1
888,888,888,tren,30,10/31/2024,18,55,1,Ciudad A,tren,2B San Angel,1,30 km,0
889,889,889,bicicleta,30,6/25/2024,0,38,1,Ciudad C,tren,2B San Angel,2,20 km,1
890,890,890,autobus,60,10/10/2024,18,25,0,Ciudad C,autobus,2B San Angel,0,50 km,1
891,891,891,autobus,80,7/6/2024,8,52,0,Ciudad B,bicicleta,2B San Angel,2,30 km,0
892,892,892,tren,120,11/17/2024,18,33,1,Ciudad B,bicicleta,17,1,40 km,2
893,893,893,tren,80,9/23/2024,0,43,0,Ciudad B,autobus,Express,2,10 km,2
894,894,894,autobus,80,1/17/2024,0,35,0,Ciudad C,autobus,Express,0,10 km,1
895,895,895,tren,120,2/29/2024,8,50,0,Ciudad B,bicicleta,17,2,40 km,2
896,896,896,bicicleta,60,1/31/2024,18,40,0,Ciudad C,autobus,2B San Angel,2,10 km,0
897,897,897,bicicleta,30,9/14/2024,8,52,0,Ciudad C,tren,2B San Angel,1,20 km,0
898,898,898,autobus,60,4/30/2024,0,56,1,Ciudad B,bicicleta,Periferico,1,20 km,0
899,899,899,autobus,30,5/15/2024,18,50,0,Ciudad C,tren,Ramos,1,10 km,0
900,900,900,tren,30,5/8/2024,18,66,0,Ciudad A,autobus,Ramos,2,30 km,0
901,901,901,tren,120,1/25/2024,0,25,1,Ciudad C,tren,Express,1,30 km,2
902,902,902,autobus,120,3/23/2024,0,36,1,Ciudad B,autobus,Ramos,0,40 km,2
903,903,903,autobus,40,1/5/2024,15,43,1,Ciudad B,tren,17,1,50 km,0
904,904,904,tren,120,9/27/2024,8,59,1,Ciudad C,bicicleta,2B San Angel,0,40 km,2
905,905,905,tren,60,5/26/2024,15,66,0,Ciudad A,bicicleta,Periferico,1,30 km,0
906,906,906,bicicleta,60,8/31/2024,15,39,0,Ciudad A,bicicleta,Express,0,50 km,1
907,907,907,autobus,40,7/24/2024,8,30,0,Ciudad C,autobus,Periferico,2,50 km,1
908,908,908,bicicleta,40,11/13/2024,8,46,0,Ciudad A,autobus,17,2,30 km,0
909,909,909,autobus,80,3/29/2024,8,26,1,Ciudad A,tren,17,0,20 km,1
910,910,910,tren,40,1/29/2024,15,56,1,Ciudad A,tren,Ramos,0,40 km,0
911,911,911,autobus,30,1/24/2024,8,29,1,Ciudad A,tren,17,0,30 km,1
912,912,912,bicicleta,80,6/13/2024,15,38,1,Ciudad C,bicicleta,Ramos,0,20 km,1
913,913,913,autobus,40,6/26/2024,8,44,1,Ciudad A,tren,Periferico,1,20 km,1
914,914,914,autobus,40,5/13/2024,18,53,1,Ciudad B,autobus,17,0,30 km,0
915,915,915,tren,60,7/4/2024,0,53,0,Ciudad B,autobus,Periferico,1,50 km,0
916,916,916,bicicleta,60,4/1/2024,15,24,0,Ciudad B,autobus,Express,1,20 km,1
917,917,917,tren,30,2/28/2024,8,22,0,Ciudad C,autobus,Ramos,2,10 km,1
918,918,918,autobus,40,3/22/2024,18,68,0,Ciudad C,autobus,2B San Angel,2,40 km,0
919,919,919,autobus,60,8/17/2024,0,28,1,Ciudad B,autobus,17,0,30 km,1
920,920,920,tren,120,9/23/2024,18,61,0,Ciudad C,tren,17,2,30 km,2
921,921,921,autobus,80,11/10/2024,8,20,0,Ciudad C,tren,Express,1,10 km,1
922,922,922,bicicleta,120,11/13/2024,15,22,0,Ciudad B,autobus,17,0,40 km,2
923,923,923,autobus,60,1/15/2024,15,59,0,Ciudad C,tren,Express,0,10 km,0
924,924,924,bicicleta,40,7/11/2024,0,57,0,Ciudad B,tren,2B San Angel,1,20 km,0
925,925,925,autobus,30,9/18/2024,15,47,1,Ciudad C,autobus,Periferico,1,50 km,0
926,926,926,tren,60,7/7/2024,8,21,1,Ciudad C,autobus,Ramos,2,40 km,1
927,927,927,bicicleta,40,1/15/2024,0,69,1,Ciudad B,tren,17,1,20 km,0
928,928,928,tren,40,7/11/2024,15,24,1,Ciudad A,bicicleta,2B San Angel,2,20 km,1
929,929,929,tren,30,2/22/2024,15,60,1,Ciudad C,tren,Express,1,10 km,0
930,930,930,tren,60,6/20/2024,8,53,1,Ciudad A,bicicleta,Ramos,0,40 km,0
931,931,931,tren,40,7/6/2024,0,50,1,Ciudad C,autobus,Ramos,0,40 km,1
932,932,932,autobus,60,1/2/2024,15,20,0,Ciudad B,bicicleta,Periferico,0,30 km,1
933,933,933,tren,40,1/27/2024,18,64,1,Ciudad C,tren,2B San Angel,0,30 km,0
934,934,934,tren,40,9/13/2024,0,54,1,Ciudad B,autobus,Periferico,1,50 km,0
935,935,935,autobus,60,1/13/2024,18,69,0,Ciudad C,tren,17,1,20 km,0
936,936,936,bicicleta,40,9/30/2024,18,45,0,Ciudad B,autobus,Periferico,1,30 km,0
937,937,937,autobus,120,2/28/2024,15,38,1,Ciudad C,autobus,17,2,40 km,2
938,938,938,tren,60,4/12/2024,0,50,0,Ciudad C,tren,2B San Angel,1,30 km,1
939,939,939,bicicleta,30,3/15/2024,0,30,1,Ciudad B,autobus,Express,0,30 km,1
940,940,940,bicicleta,30,4/2/2024,18,56,0,Ciudad C,bicicleta,Ramos,0,10 km,0
941,941,941,autobus,60,7/25/2024,18,35,1,Ciudad B,autobus,17,1,40 km,1
942,942,942,bicicleta,80,7/13/2024,0,31,1,Ciudad C,bicicleta,Express,1,40 km,1
943,943,943,autobus,60,1/15/2024,8,49,1,Ciudad B,tren,17,0,30 km,1
944,944,944,bicicleta,60,7/31/2024,0,43,1,Ciudad C,autobus,2B San Angel,2,50 km,1
945,945,945,autobus,120,11/4/2024,0,30,0,Ciudad C,bicicleta,Ramos,2,10 km,2
946,946,946,bicicleta,120,3/28/2024,8,45,0,Ciudad C,autobus,2B San Angel,1,30 km,2
947,947,947,tren,120,1/19/2024,8,31,1,Ciudad A,bicicleta,Ramos,1,30 km,2
948,948,948,bicicleta,30,5/19/2024,8,58,1,Ciudad A,autobus,Express,0,20 km,0
949,949,949,tren,30,1/25/2024,15,61,1,Ciudad B,bicicleta,Ramos,2,50 km,0
950,950,950,bicicleta,40,4/6/2024,18,50,0,Ciudad C,bicicleta,Ramos,2,50 km,0
951,951,951,bicicleta,120,7/12/2024,15,34,0,Ciudad C,bicicleta,Ramos,0,50 km,2
952,952,952,tren,120,7/16/2024,15,28,1,Ciudad C,bicicleta,2B San Angel,0,20 km,2
953,953,953,autobus,40,2/14/2024,0,51,0,Ciudad B,tren,Ramos,2,20 km,0
954,954,954,tren,120,1/3/2024,15,68,1,Ciudad C,autobus,2B San Angel,2,10 km,2
955,955,955,bicicleta,120,4/8/2024,8,56,0,Ciudad C,bicicleta,Periferico,0,40 km,2
956,956,956,autobus,120,6/26/2024,15,25,1,Ciudad A,bicicleta,Periferico,1,50 km,2
957,957,957,tren,40,1/8/2024,0,43,0,Ciudad C,autobus,Periferico,1,50 km,1
958,958,958,autobus,60,2/14/2024,0,41,1,Ciudad A,autobus,Ramos,1,40 km,1
959,959,959,tren,120,9/5/2024,15,61,0,Ciudad B,bicicleta,Express,2,50 km,2
960,960,960,tren,60,7/6/2024,18,29,1,Ciudad C,tren,Ramos,2,30 km,1
961,961,961,tren,120,10/3/2024,8,37,0,Ciudad B,bicicleta,17,0,10 km,2
962,962,962,tren,60,10/31/2024,0,62,0,Ciudad A,tren,2B San Angel,0,40 km,0
963,963,963,autobus,40,5/13/2024,8,35,1,Ciudad B,tren,Ramos,1,50 km,1
964,964,964,tren,60,5/17/2024,15,48,1,Ciudad C,autobus,17,2,50 km,0
965,965,965,autobus,30,10/8/2024,0,51,0,Ciudad B,tren,Ramos,2,20 km,0
966,966,966,autobus,60,11/17/2024,18,62,0,Ciudad A,bicicleta,Ramos,2,30 km,0
967,967,967,autobus,120,11/6/2024,18,66,0,Ciudad A,autobus,Express,1,30 km,2
968,968,968,autobus,30,3/6/2024,8,51,0,Ciudad A,tren,2B San Angel,1,50 km,0
969,969,969,autobus,30,7/29/2024,0,19,1,Ciudad A,tren,17,0,20 km,1
970,970,970,autobus,40,7/4/2024,18,48,0,Ciudad B,autobus,Ramos,2,30 km,0
971,971,971,tren,80,11/16/2024,8,26,1,Ciudad A,autobus,2B San Angel,1,30 km,1
972,972,972,autobus,30,8/2/2024,0,65,1,Ciudad C,bicicleta,Express,2,50 km,0
973,973,973,autobus,60,1/8/2024,15,67,1,Ciudad B,tren,Ramos,1,20 km,0
974,974,974,bicicleta,80,11/2/2024,15,53,1,Ciudad B,tren,Ramos,1,10 km,0
975,975,975,autobus,80,4/28/2024,15,18,1,Ciudad C,tren,Periferico,0,40 km,1
976,976,976,bicicleta,60,2/23/2024,0,20,0,Ciudad A,bicicleta,2B San Angel,0,10 km,1
977,977,977,autobus,80,9/10/2024,8,25,1,Ciudad B,autobus,Periferico,0,50 km,1
978,978,978,tren,60,10/11/2024,0,45,0,Ciudad C,autobus,Express,1,20 km,1
979,979,979,bicicleta,40,5/7/2024,8,29,0,Ciudad B,bicicleta,Ramos,0,40 km,1
980,980,980,bicicleta,80,8/13/2024,18,46,1,Ciudad B,tren,17,0,40 km,0
981,981,981,autobus,80,5/12/2024,15,63,0,Ciudad A,tren,Ramos,1,40 km,0
982,982,982,tren,120,1/19/2024,15,62,1,Ciudad B,autobus,Periferico,0,40 km,2
983,983,983,bicicleta,40,11/12/2024,15,58,0,Ciudad B,tren,Periferico,0,40 km,0
984,984,984,bicicleta,30,7/8/2024,15,33,0,Ciudad A,tren,Periferico,2,40 km,1
985,985,985,bicicleta,40,10/3/2024,0,23,1,Ciudad A,autobus,17,0,10 km,1
986,986,986,tren,120,2/22/2024,15,29,1,Ciudad C,tren,2B San Angel,0,10 km,2
987,987,987,autobus,30,8/13/2024,15,30,1,Ciudad B,bicicleta,Express,1,30 km,1
988,988,988,tren,30,7/8/2024,18,51,1,Ciudad C,bicicleta,2B San Angel,0,40 km,0
989,989,989,tren,30,5/31/2024,15,69,1,Ciudad A,tren,17,2,20 km,0
990,990,990,bicicleta,80,6/29/2024,15,52,0,Ciudad B,autobus,2B San Angel,2,50 km,0
991,991,991,tren,40,11/11/2024,0,66,0,Ciudad A,bicicleta,Periferico,2,50 km,0
992,992,992,bicicleta,40,5/12/2024,0,50,1,Ciudad B,tren,Periferico,2,30 km,0
993,993,993,tren,80,9/19/2024,15,21,0,Ciudad C,bicicleta,2B San Angel,0,30 km,1
994,994,994,tren,30,1/18/2024,8,21,0,Ciudad A,autobus,Periferico,0,30 km,1
995,995,995,bicicleta,80,4/29/2024,8,46,0,Ciudad B,autobus,Express,0,30 km,1
996,996,996,bicicleta,60,3/11/2024,0,51,0,Ciudad B,tren,Ramos,0,50 km,1
997,997,997,tren,120,7/11/2024,15,35,0,Ciudad C,autobus,17,2,40 km,2
998,998,998,bicicleta,80,5/19/2024,0,68,1,Ciudad B,autobus,Periferico,0,30 km,0
999,999,999,tren,30,9/5/2024,15,52,1,Ciudad A,bicicleta,Periferico,0,20 km,0
1000,1000,1000,autobus,30,4/18/2024,18,42,1,Ciudad C,bicicleta,Periferico,1,10 km,0
